gameweek,player_id,web_name,team,position,price,predicted_points,expected_minutes,points_per_90,n_fixtures,status,model_version,snapshot_id,generated_at_utc,deadline_utc
4,426,B.Fernandes,MUN,MID,12.0,6.3,90.0,6.3,1,a,baseline-v1,20260907T141922Z,2026-09-10T10:52:16Z,2026-09-12T12:30:00Z
4,367,Gakpo,LIV,MID,7.2,6.24,83.6,6.72,1,a,baseline-v1,20260907T141922Z,2026-09-10T10:52:16Z,2026-09-12T12:30:00Z
4,572,Tzolakis,HUL,GKP,4.6,5.93,90.0,5.93,1,a,baseline-v1,20260907T141922Z,2026-09-10T10:52:16Z,2026-09-12T12:30:00Z
4,411,Haaland,MCI,FWD,15.5,5.9,90.0,5.9,1,a,baseline-v1,20260907T141922Z,2026-09-10T10:52:16Z,2026-09-12T12:30:00Z
4,69,Scott,BOU,MID,6.0,5.76,88.7,5.84,1,a,baseline-v1,20260907T141922Z,2026-09-10T10:52:16Z,2026-09-12T12:30:00Z
4,279,Ajayi,HUL,DEF,4.1,5.71,84.0,6.12,1,a,baseline-v1,20260907T141922Z,2026-09-10T10:52:16Z,2026-09-12T12:30:00Z
4,277,Egan,HUL,DEF,4.1,5.48,90.0,5.48,1,a,baseline-v1,20260907T141922Z,2026-09-10T10:52:16Z,2026-09-12T12:30:00Z
4,165,João Pedro,CHE,FWD,7.7,5.4,90.0,5.4,1,a,baseline-v1,20260907T141922Z,2026-09-10T10:52:16Z,2026-09-12T12:30:00Z
4,12,Saka,ARS,MID,9.5,5.36,84.4,5.72,1,a,baseline-v1,20260907T141922Z,2026-09-10T10:52:16Z,2026-09-12T12:30:00Z
4,98,Janelt,BRE,MID,5.0,5.3,90.0,5.3,1,a,baseline-v1,20260907T141922Z,2026-09-10T10:52:16Z,2026-09-12T12:30:00Z
4,427,Mbeumo,MUN,MID,7.9,5.3,90.0,5.3,1,a,baseline-v1,20260907T141922Z,2026-09-10T10:52:16Z,2026-09-12T12:30:00Z
4,68,Tavernier,BOU,MID,6.0,5.27,89.1,5.32,1,a,baseline-v1,20260907T141922Z,2026-09-10T10:52:16Z,2026-09-12T12:30:00Z
4,154,Palmer,CHE,MID,9.6,5.27,88.2,5.38,1,a,baseline-v1,20260907T141922Z,2026-09-10T10:52:16Z,2026-09-12T12:30:00Z
4,15,Ødegaard,ARS,MID,6.6,5.23,73.9,6.38,1,a,baseline-v1,20260907T141922Z,2026-09-10T10:52:16Z,2026-09-12T12:30:00Z
4,379,Isak,LIV,FWD,9.0,5.21,77.7,6.04,1,a,baseline-v1,20260907T141922Z,2026-09-10T10:52:16Z,2026-09-12T12:30:00Z
4,391,Gvardiol,MCI,DEF,5.6,5.17,84.9,5.48,1,a,baseline-v1,20260907T141922Z,2026-09-10T10:52:16Z,2026-09-12T12:30:00Z
4,229,Tarkowski,EVE,DEF,6.0,5.15,90.0,5.15,1,a,baseline-v1,20260907T141922Z,2026-09-10T10:52:16Z,2026-09-12T12:30:00Z
4,10,White,ARS,DEF,5.5,4.98,90.0,4.98,1,a,baseline-v1,20260907T141922Z,2026-09-10T10:52:16Z,2026-09-12T12:30:00Z
4,388,Guéhi,MCI,DEF,6.0,4.98,90.0,4.98,1,a,baseline-v1,20260907T141922Z,2026-09-10T10:52:16Z,2026-09-12T12:30:00Z
4,399,Cherki,MCI,MID,7.8,4.98,61.6,7.27,1,a,baseline-v1,20260907T141922Z,2026-09-10T10:52:16Z,2026-09-12T12:30:00Z
4,268,King,FUL,MID,5.5,4.97,90.0,4.97,1,a,baseline-v1,20260907T141922Z,2026-09-10T10:52:16Z,2026-09-12T12:30:00Z
4,335,Stach,LEE,MID,6.0,4.97,90.0,4.97,1,a,baseline-v1,20260907T141922Z,2026-09-10T10:52:16Z,2026-09-12T12:30:00Z
4,282,Giles,HUL,DEF,4.0,4.96,88.7,5.04,1,a,baseline-v1,20260907T141922Z,2026-09-10T10:52:16Z,2026-09-12T12:30:00Z
4,40,Rogers,CHE,MID,7.6,4.87,86.2,5.09,1,a,baseline-v1,20260907T141922Z,2026-09-10T10:52:16Z,2026-09-12T12:30:00Z
4,115,De Cuyper,BHA,DEF,4.7,4.86,80.7,5.42,1,a,baseline-v1,20260907T141922Z,2026-09-10T10:52:16Z,2026-09-12T12:30:00Z
4,8,Calafiori,ARS,DEF,5.7,4.84,76.8,5.67,1,a,baseline-v1,20260907T141922Z,2026-09-10T10:52:16Z,2026-09-12T12:30:00Z
4,480,Gibbs-White,NFO,MID,7.9,4.8,90.0,4.8,1,a,baseline-v1,20260907T141922Z,2026-09-10T10:52:16Z,2026-09-12T12:30:00Z
4,544,Xhaka,SUN,MID,5.5,4.8,90.0,4.8,1,a,baseline-v1,20260907T141922Z,2026-09-10T10:52:16Z,2026-09-12T12:30:00Z
4,86,Lewis-Potter,BRE,MID,5.5,4.78,89.0,4.83,1,a,baseline-v1,20260907T141922Z,2026-09-10T10:52:16Z,2026-09-12T12:30:00Z
4,586,Mendy,HUL,DEF,4.0,4.75,64.6,6.62,1,a,baseline-v1,20260907T141922Z,2026-09-10T10:52:16Z,2026-09-12T12:30:00Z
4,504,Vuskovic,BHA,DEF,5.0,4.65,90.0,4.65,1,a,baseline-v1,20260907T141922Z,2026-09-10T10:52:16Z,2026-09-12T12:30:00Z
4,449,Hall,NEW,DEF,5.1,4.63,89.5,4.66,1,a,baseline-v1,20260907T141922Z,2026-09-10T10:52:16Z,2026-09-12T12:30:00Z
4,453,Barnes,NEW,MID,6.0,4.63,90.0,4.63,1,a,baseline-v1,20260907T141922Z,2026-09-10T10:52:16Z,2026-09-12T12:30:00Z
4,330,Bogle,LEE,DEF,4.5,4.52,68.9,5.9,1,a,baseline-v1,20260907T141922Z,2026-09-10T10:52:16Z,2026-09-12T12:30:00Z
4,124,Groß,BHA,MID,5.5,4.47,90.0,4.47,1,a,baseline-v1,20260907T141922Z,2026-09-10T10:52:16Z,2026-09-12T12:30:00Z
4,454,Elanga,NEW,MID,6.1,4.44,77.4,5.16,1,a,baseline-v1,20260907T141922Z,2026-09-10T10:52:16Z,2026-09-12T12:30:00Z
4,237,Ndiaye,MCI,MID,5.9,4.41,88.2,4.5,1,a,baseline-v1,20260907T141922Z,2026-09-10T10:52:16Z,2026-09-12T12:30:00Z
4,26,Havertz,ARS,FWD,7.5,4.37,84.1,4.68,1,a,baseline-v1,20260907T141922Z,2026-09-10T10:52:16Z,2026-09-12T12:30:00Z
4,332,Justin,LEE,DEF,4.5,4.32,90.0,4.32,1,a,baseline-v1,20260907T141922Z,2026-09-10T10:52:16Z,2026-09-12T12:30:00Z
4,236,Dewsbury-Hall,EVE,MID,6.5,4.3,90.0,4.3,1,a,baseline-v1,20260907T141922Z,2026-09-10T10:52:16Z,2026-09-12T12:30:00Z
4,368,Szoboszlai,LIV,MID,7.0,4.3,90.0,4.3,1,a,baseline-v1,20260907T141922Z,2026-09-10T10:52:16Z,2026-09-12T12:30:00Z
4,94,Schade,BRE,MID,6.0,4.28,89.0,4.32,1,a,baseline-v1,20260907T141922Z,2026-09-10T10:52:16Z,2026-09-12T12:30:00Z
4,4,Gabriel,ARS,DEF,8.0,4.15,90.0,4.15,1,a,baseline-v1,20260907T141922Z,2026-09-10T10:52:16Z,2026-09-12T12:30:00Z
4,469,N.Williams,NFO,DEF,5.0,4.15,90.0,4.15,1,a,baseline-v1,20260907T141922Z,2026-09-10T10:52:16Z,2026-09-12T12:30:00Z
4,1,Raya,ARS,GKP,6.0,4.1,90.0,4.1,1,a,baseline-v1,20260907T141922Z,2026-09-10T10:52:16Z,2026-09-12T12:30:00Z
4,385,Trafford,LEE,GKP,5.0,4.1,90.0,4.1,1,a,baseline-v1,20260907T141922Z,2026-09-10T10:52:16Z,2026-09-12T12:30:00Z
4,204,Mitchell,CRY,DEF,4.5,4.07,82.2,4.46,1,a,baseline-v1,20260907T141922Z,2026-09-10T10:52:16Z,2026-09-12T12:30:00Z
4,173,Thomas,COV,DEF,4.0,4.06,85.8,4.25,1,a,baseline-v1,20260907T141922Z,2026-09-10T10:52:16Z,2026-09-12T12:30:00Z
4,242,George,EVE,MID,5.5,4.05,79.2,4.61,1,a,baseline-v1,20260907T141922Z,2026-09-10T10:52:16Z,2026-09-12T12:30:00Z
4,464,Wissa,NEW,FWD,6.2,4.0,87.1,4.14,1,a,baseline-v1,20260907T141922Z,2026-09-10T10:52:16Z,2026-09-12T12:30:00Z
4,334,Muharemović,LEE,DEF,5.0,3.98,90.0,3.98,1,a,baseline-v1,20260907T141922Z,2026-09-10T10:52:16Z,2026-09-12T12:30:00Z
4,397,Semenyo,MCI,MID,8.4,3.97,90.0,3.97,1,a,baseline-v1,20260907T141922Z,2026-09-10T10:52:16Z,2026-09-12T12:30:00Z
4,565,M.Sangaré,BRE,MID,5.7,3.97,66.1,5.4,1,a,baseline-v1,20260907T141922Z,2026-09-10T10:52:16Z,2026-09-12T12:30:00Z
4,127,Gomez,BHA,MID,5.0,3.95,88.9,4.0,1,a,baseline-v1,20260907T141922Z,2026-09-10T10:52:16Z,2026-09-12T12:30:00Z
4,286,Belloumi,HUL,MID,5.0,3.95,83.3,4.27,1,a,baseline-v1,20260907T141922Z,2026-09-10T10:52:16Z,2026-09-12T12:30:00Z
4,542,E.Le Fée,SUN,MID,5.9,3.93,87.2,4.06,1,a,baseline-v1,20260907T141922Z,2026-09-10T10:52:16Z,2026-09-12T12:30:00Z
4,13,Rice,ARS,MID,7.4,3.86,82.9,4.19,1,a,baseline-v1,20260907T141922Z,2026-09-10T10:52:16Z,2026-09-12T12:30:00Z
4,87,Ajer,BRE,DEF,4.5,3.82,90.0,3.82,1,a,baseline-v1,20260907T141922Z,2026-09-10T10:52:16Z,2026-09-12T12:30:00Z
4,230,Branthwaite,EVE,DEF,5.5,3.82,90.0,3.82,1,a,baseline-v1,20260907T141922Z,2026-09-10T10:52:16Z,2026-09-12T12:30:00Z
4,593,Dedić,NEW,DEF,4.5,3.82,90.0,3.82,1,a,baseline-v1,20260907T141922Z,2026-09-10T10:52:16Z,2026-09-12T12:30:00Z
4,472,Murillo,NFO,DEF,5.5,3.8,89.5,3.82,1,a,baseline-v1,20260907T141922Z,2026-09-10T10:52:16Z,2026-09-12T12:30:00Z
4,249,Barry,EVE,FWD,5.6,3.72,80.6,4.15,1,a,baseline-v1,20260907T141922Z,2026-09-10T10:52:16Z,2026-09-12T12:30:00Z
4,432,Mainoo,MUN,MID,5.5,3.72,68.3,4.91,1,a,baseline-v1,20260907T141922Z,2026-09-10T10:52:16Z,2026-09-12T12:30:00Z
4,428,Cunha,MUN,MID,7.9,3.71,74.4,4.49,1,a,baseline-v1,20260907T141922Z,2026-09-10T10:52:16Z,2026-09-12T12:30:00Z
4,258,Castagne,FUL,DEF,4.5,3.66,82.6,3.99,1,a,baseline-v1,20260907T141922Z,2026-09-10T10:52:16Z,2026-09-12T12:30:00Z
4,471,Milenković,NFO,DEF,5.5,3.65,90.0,3.65,1,a,baseline-v1,20260907T141922Z,2026-09-10T10:52:16Z,2026-09-12T12:30:00Z
4,532,Ballard,SUN,DEF,4.9,3.65,90.0,3.65,1,a,baseline-v1,20260907T141922Z,2026-09-10T10:52:16Z,2026-09-12T12:30:00Z
4,79,Evanilson,BOU,FWD,6.0,3.63,83.2,3.92,1,a,baseline-v1,20260907T141922Z,2026-09-10T10:52:16Z,2026-09-12T12:30:00Z
4,290,Slater,HUL,MID,4.5,3.63,90.0,3.63,1,a,baseline-v1,20260907T141922Z,2026-09-10T10:52:16Z,2026-09-12T12:30:00Z
4,244,Armstrong,EVE,MID,5.0,3.61,88.7,3.66,1,a,baseline-v1,20260907T141922Z,2026-09-10T10:52:16Z,2026-09-12T12:30:00Z
4,591,Enciso,IPS,MID,5.5,3.59,85.5,3.77,1,a,baseline-v1,20260907T141922Z,2026-09-10T10:52:16Z,2026-09-12T12:30:00Z
4,569,Gonzalo,FUL,FWD,6.0,3.57,90.0,3.57,1,a,baseline-v1,20260907T141922Z,2026-09-10T10:52:16Z,2026-09-12T12:30:00Z
4,533,Mukiele,SUN,DEF,5.5,3.56,69.9,4.58,1,a,baseline-v1,20260907T141922Z,2026-09-10T10:52:16Z,2026-09-12T12:30:00Z
4,88,Kayode,BRE,DEF,4.6,3.54,65.1,4.89,1,a,baseline-v1,20260907T141922Z,2026-09-10T10:52:16Z,2026-09-12T12:30:00Z
4,233,Mykolenko,EVE,DEF,4.5,3.48,90.0,3.48,1,a,baseline-v1,20260907T141922Z,2026-09-10T10:52:16Z,2026-09-12T12:30:00Z
4,214,Kamada,CRY,MID,5.0,3.44,89.1,3.48,1,a,baseline-v1,20260907T141922Z,2026-09-10T10:52:16Z,2026-09-12T12:30:00Z
4,82,Kelleher,BRE,GKP,5.0,3.43,90.0,3.43,1,a,baseline-v1,20260907T141922Z,2026-09-10T10:52:16Z,2026-09-12T12:30:00Z
4,226,Pickford,EVE,GKP,5.5,3.43,90.0,3.43,1,a,baseline-v1,20260907T141922Z,2026-09-10T10:52:16Z,2026-09-12T12:30:00Z
4,377,Munoz,LIV,MID,6.5,3.36,63.6,4.76,1,a,baseline-v1,20260907T141922Z,2026-09-10T10:52:16Z,2026-09-12T12:30:00Z
4,346,Calvert-Lewin,LEE,FWD,6.0,3.35,81.8,3.69,1,a,baseline-v1,20260907T141922Z,2026-09-10T10:52:16Z,2026-09-12T12:30:00Z
4,597,Suzuki,AVL,GKP,5.0,3.35,69.9,4.32,1,a,baseline-v1,20260907T141922Z,2026-09-10T10:52:16Z,2026-09-12T12:30:00Z
4,96,Damsgaard,BRE,MID,5.5,3.32,63.7,4.7,1,a,baseline-v1,20260907T141922Z,2026-09-10T10:52:16Z,2026-09-12T12:30:00Z
4,112,Van Hecke,TOT,DEF,4.9,3.32,90.0,3.32,1,a,baseline-v1,20260907T141922Z,2026-09-10T10:52:16Z,2026-09-12T12:30:00Z
4,116,Dunk,BHA,DEF,4.5,3.32,90.0,3.32,1,a,baseline-v1,20260907T141922Z,2026-09-10T10:52:16Z,2026-09-12T12:30:00Z
4,390,Rúben,MCI,DEF,5.5,3.32,90.0,3.32,1,a,baseline-v1,20260907T141922Z,2026-09-10T10:52:16Z,2026-09-12T12:30:00Z
4,474,Jair Cunha,NFO,DEF,4.5,3.32,90.0,3.32,1,a,baseline-v1,20260907T141922Z,2026-09-10T10:52:16Z,2026-09-12T12:30:00Z
4,338,Ampadu,LEE,MID,5.5,3.3,90.0,3.3,1,a,baseline-v1,20260907T141922Z,2026-09-10T10:52:16Z,2026-09-12T12:30:00Z
4,211,Yeremy,CRY,MID,5.5,3.29,69.4,4.27,1,a,baseline-v1,20260907T141922Z,2026-09-10T10:52:16Z,2026-09-12T12:30:00Z
4,557,Tzolis,ARS,MID,6.5,3.28,72.3,4.09,1,a,baseline-v1,20260907T141922Z,2026-09-10T10:52:16Z,2026-09-12T12:30:00Z
4,350,A.Becker,LIV,GKP,5.5,3.27,90.0,3.27,1,a,baseline-v1,20260907T141922Z,2026-09-10T10:52:16Z,2026-09-12T12:30:00Z
4,384,Donnarumma,MCI,GKP,5.5,3.27,90.0,3.27,1,a,baseline-v1,20260907T141922Z,2026-09-10T10:52:16Z,2026-09-12T12:30:00Z
4,567,Horníček,NEW,GKP,5.0,3.27,90.0,3.27,1,a,baseline-v1,20260907T141922Z,2026-09-10T10:52:16Z,2026-09-12T12:30:00Z
4,605,Yalcouyé,BHA,MID,4.5,3.26,65.3,4.49,1,a,baseline-v1,20260907T141922Z,2026-09-10T10:52:16Z,2026-09-12T12:30:00Z
4,366,Wirtz,LIV,MID,7.4,3.24,83.7,3.48,1,a,baseline-v1,20260907T141922Z,2026-09-10T10:52:16Z,2026-09-12T12:30:00Z
4,295,McBurnie,HUL,FWD,5.5,3.23,90.0,3.23,1,a,baseline-v1,20260907T141922Z,2026-09-10T10:52:16Z,2026-09-12T12:30:00Z
4,455,Tonali,TOT,MID,5.4,3.21,84.9,3.4,1,a,baseline-v1,20260907T141922Z,2026-09-10T10:52:16Z,2026-09-12T12:30:00Z
4,483,Ndoye,NFO,MID,5.5,3.19,60.9,4.72,1,a,baseline-v1,20260907T141922Z,2026-09-10T10:52:16Z,2026-09-12T12:30:00Z
4,200,Lacroix,CHE,DEF,6.0,3.15,90.0,3.15,1,a,baseline-v1,20260907T141922Z,2026-09-10T10:52:16Z,2026-09-12T12:30:00Z
4,305,Davis,IPS,DEF,4.0,3.15,90.0,3.15,1,a,baseline-v1,20260907T141922Z,2026-09-10T10:52:16Z,2026-09-12T12:30:00Z
4,356,Virgil,LIV,DEF,6.5,3.15,90.0,3.15,1,a,baseline-v1,20260907T141922Z,2026-09-10T10:52:16Z,2026-09-12T12:30:00Z
4,447,Botman,NEW,DEF,5.0,3.15,90.0,3.15,1,a,baseline-v1,20260907T141922Z,2026-09-10T10:52:16Z,2026-09-12T12:30:00Z
4,536,Reinildo,SUN,DEF,4.5,3.15,90.0,3.15,1,a,baseline-v1,20260907T141922Z,2026-09-10T10:52:16Z,2026-09-12T12:30:00Z
4,393,Khusanov,MCI,DEF,5.5,3.14,89.4,3.16,1,a,baseline-v1,20260907T141922Z,2026-09-10T10:52:16Z,2026-09-12T12:30:00Z
4,210,Wharton,CRY,MID,5.5,3.13,90.0,3.13,1,a,baseline-v1,20260907T141922Z,2026-09-10T10:52:16Z,2026-09-12T12:30:00Z
4,109,Verbruggen,BHA,GKP,4.5,3.1,90.0,3.1,1,a,baseline-v1,20260907T141922Z,2026-09-10T10:52:16Z,2026-09-12T12:30:00Z
4,467,Sels,NFO,GKP,5.0,3.1,90.0,3.1,1,a,baseline-v1,20260907T141922Z,2026-09-10T10:52:16Z,2026-09-12T12:30:00Z
4,496,Kinsky,TOT,GKP,4.5,3.1,90.0,3.1,1,a,baseline-v1,20260907T141922Z,2026-09-10T10:52:16Z,2026-09-12T12:30:00Z
4,529,Roefs,SUN,GKP,5.0,3.1,90.0,3.1,1,a,baseline-v1,20260907T141922Z,2026-09-10T10:52:16Z,2026-09-12T12:30:00Z
4,43,Tielemans,MUN,MID,5.9,3.08,84.6,3.28,1,a,baseline-v1,20260907T141922Z,2026-09-10T10:52:16Z,2026-09-12T12:30:00Z
4,316,Emersonn,IPS,FWD,5.5,3.08,58.6,4.73,1,a,baseline-v1,20260907T141922Z,2026-09-10T10:52:16Z,2026-09-12T12:30:00Z
4,570,Palacios,FUL,MID,5.5,3.08,67.5,4.11,1,a,baseline-v1,20260907T141922Z,2026-09-10T10:52:16Z,2026-09-12T12:30:00Z
4,516,Bentancur,TOT,MID,5.5,3.04,79.9,3.42,1,a,baseline-v1,20260907T141922Z,2026-09-10T10:52:16Z,2026-09-12T12:30:00Z
4,267,Lukić,IPS,MID,5.0,3.03,84.2,3.24,1,a,baseline-v1,20260907T141922Z,2026-09-10T10:52:16Z,2026-09-12T12:30:00Z
4,362,Jacquet,LIV,DEF,5.0,3.02,80.8,3.37,1,a,baseline-v1,20260907T141922Z,2026-09-10T10:52:16Z,2026-09-12T12:30:00Z
4,481,Anderson,MCI,MID,6.3,3.02,80.9,3.36,1,a,baseline-v1,20260907T141922Z,2026-09-10T10:52:16Z,2026-09-12T12:30:00Z
4,138,Kostoulas,BHA,FWD,5.5,3.01,72.2,3.75,1,a,baseline-v1,20260907T141922Z,2026-09-10T10:52:16Z,2026-09-12T12:30:00Z
4,445,Thiaw,NEW,DEF,5.0,2.98,90.0,2.98,1,a,baseline-v1,20260907T141922Z,2026-09-10T10:52:16Z,2026-09-12T12:30:00Z
4,47,Kamara,AVL,MID,5.0,2.97,90.0,2.97,1,a,baseline-v1,20260907T141922Z,2026-09-10T10:52:16Z,2026-09-12T12:30:00Z
4,558,Schlager,NFO,MID,5.0,2.96,73.4,3.63,1,a,baseline-v1,20260907T141922Z,2026-09-10T10:52:16Z,2026-09-12T12:30:00Z
4,156,Neto,CHE,MID,6.5,2.95,61.1,4.34,1,a,baseline-v1,20260907T141922Z,2026-09-10T10:52:16Z,2026-09-12T12:30:00Z
4,486,McAtee,NFO,MID,5.5,2.93,86.2,3.06,1,a,baseline-v1,20260907T141922Z,2026-09-10T10:52:16Z,2026-09-12T12:30:00Z
4,503,Van de Ven,TOT,DEF,5.0,2.93,69.9,3.78,1,a,baseline-v1,20260907T141922Z,2026-09-10T10:52:16Z,2026-09-12T12:30:00Z
4,460,Willock,NEW,MID,5.0,2.91,58.3,4.5,1,a,baseline-v1,20260907T141922Z,2026-09-10T10:52:16Z,2026-09-12T12:30:00Z
4,315,Fatawu,IPS,MID,5.5,2.9,76.4,3.42,1,a,baseline-v1,20260907T141922Z,2026-09-10T10:52:16Z,2026-09-12T12:30:00Z
4,280,Coyle,HUL,DEF,4.0,2.87,58.6,4.41,1,a,baseline-v1,20260907T141922Z,2026-09-10T10:52:16Z,2026-09-12T12:30:00Z
4,46,Barkley,AVL,MID,5.0,2.86,82.0,3.14,1,a,baseline-v1,20260907T141922Z,2026-09-10T10:52:16Z,2026-09-12T12:30:00Z
4,541,Meunier,SUN,DEF,4.5,2.86,77.7,3.32,1,a,baseline-v1,20260907T141922Z,2026-09-10T10:52:16Z,2026-09-12T12:30:00Z
4,551,N.Angulo,SUN,MID,5.0,2.84,62.2,4.11,1,a,baseline-v1,20260907T141922Z,2026-09-10T10:52:16Z,2026-09-12T12:30:00Z
4,114,Boscagli,BHA,DEF,4.5,2.82,90.0,2.82,1,a,baseline-v1,20260907T141922Z,2026-09-10T10:52:16Z,2026-09-12T12:30:00Z
4,259,Diop,IPS,DEF,4.0,2.82,90.0,2.82,1,a,baseline-v1,20260907T141922Z,2026-09-10T10:52:16Z,2026-09-12T12:30:00Z
4,304,O'Shea,IPS,DEF,4.0,2.82,90.0,2.82,1,a,baseline-v1,20260907T141922Z,2026-09-10T10:52:16Z,2026-09-12T12:30:00Z
4,418,Maguire,MUN,DEF,5.0,2.82,90.0,2.82,1,a,baseline-v1,20260907T141922Z,2026-09-10T10:52:16Z,2026-09-12T12:30:00Z
4,566,Silva,BOU,DEF,5.0,2.82,90.0,2.82,1,a,baseline-v1,20260907T141922Z,2026-09-10T10:52:16Z,2026-09-12T12:30:00Z
4,36,Maatsen,AVL,DEF,4.5,2.8,80.7,3.13,1,a,baseline-v1,20260907T141922Z,2026-09-10T10:52:16Z,2026-09-12T12:30:00Z
4,41,Buendía,AVL,MID,6.0,2.8,81.6,3.09,1,a,baseline-v1,20260907T141922Z,2026-09-10T10:52:16Z,2026-09-12T12:30:00Z
4,184,Grimes,COV,MID,5.0,2.8,90.0,2.8,1,a,baseline-v1,20260907T141922Z,2026-09-10T10:52:16Z,2026-09-12T12:30:00Z
4,459,L.Miley,NEW,MID,5.5,2.79,73.9,3.4,1,a,baseline-v1,20260907T141922Z,2026-09-10T10:52:16Z,2026-09-12T12:30:00Z
4,67,Rayan,BOU,MID,6.4,2.78,88.6,2.82,1,a,baseline-v1,20260907T141922Z,2026-09-10T10:52:16Z,2026-09-12T12:30:00Z
4,499,Pedro Porro,TOT,DEF,5.5,2.78,69.9,3.58,1,a,baseline-v1,20260907T141922Z,2026-09-10T10:52:16Z,2026-09-12T12:30:00Z
4,7,Lewis-Skelly,ARS,MID,5.5,2.75,72.6,3.41,1,a,baseline-v1,20260907T141922Z,2026-09-10T10:52:16Z,2026-09-12T12:30:00Z
4,261,Iwobi,FUL,MID,5.5,2.73,86.3,2.84,1,a,baseline-v1,20260907T141922Z,2026-09-10T10:52:16Z,2026-09-12T12:30:00Z
4,423,Shaw,MUN,DEF,4.4,2.73,84.2,2.91,1,a,baseline-v1,20260907T141922Z,2026-09-10T10:52:16Z,2026-09-12T12:30:00Z
4,70,Kluivert,BOU,MID,6.0,2.72,76.4,3.21,1,a,baseline-v1,20260907T141922Z,2026-09-10T10:52:16Z,2026-09-12T12:30:00Z
4,644,Timber,CRY,MID,5.0,2.72,73.0,3.36,1,a,baseline-v1,20260907T141922Z,2026-09-10T10:52:16Z,2026-09-12T12:30:00Z
4,398,Foden,MCI,MID,7.0,2.71,57.8,4.22,1,a,baseline-v1,20260907T141922Z,2026-09-10T10:52:16Z,2026-09-12T12:30:00Z
4,32,Cash,AVL,DEF,4.5,2.7,83.1,2.92,1,a,baseline-v1,20260907T141922Z,2026-09-10T10:52:16Z,2026-09-12T12:30:00Z
4,161,Lavia,CHE,MID,5.0,2.7,62.7,3.87,1,a,baseline-v1,20260907T141922Z,2026-09-10T10:52:16Z,2026-09-12T12:30:00Z
4,552,Brobbey,SUN,FWD,5.9,2.7,76.0,3.2,1,a,baseline-v1,20260907T141922Z,2026-09-10T10:52:16Z,2026-09-12T12:30:00Z
4,51,George Hemmings,AVL,MID,4.5,2.69,76.3,3.18,1,a,baseline-v1,20260907T141922Z,2026-09-10T10:52:16Z,2026-09-12T12:30:00Z
4,514,Tel,TOT,MID,5.9,2.67,74.9,3.2,1,a,baseline-v1,20260907T141922Z,2026-09-10T10:52:16Z,2026-09-12T12:30:00Z
4,264,Bobb,FUL,MID,5.5,2.66,71.8,3.33,1,a,baseline-v1,20260907T141922Z,2026-09-10T10:52:16Z,2026-09-12T12:30:00Z
4,37,Lindelöf,AVL,DEF,4.5,2.65,90.0,2.65,1,a,baseline-v1,20260907T141922Z,2026-09-10T10:52:16Z,2026-09-12T12:30:00Z
4,60,Hill,BOU,DEF,5.5,2.65,90.0,2.65,1,a,baseline-v1,20260907T141922Z,2026-09-10T10:52:16Z,2026-09-12T12:30:00Z
4,175,van Ewijk,COV,DEF,4.0,2.65,90.0,2.65,1,a,baseline-v1,20260907T141922Z,2026-09-10T10:52:16Z,2026-09-12T12:30:00Z
4,545,Sadiki,SUN,MID,5.0,2.64,82.2,2.89,1,a,baseline-v1,20260907T141922Z,2026-09-10T10:52:16Z,2026-09-12T12:30:00Z
4,246,Röhl,EVE,MID,5.0,2.63,81.1,2.91,1,a,baseline-v1,20260907T141922Z,2026-09-10T10:52:16Z,2026-09-12T12:30:00Z
4,45,McGinn,AVL,MID,5.4,2.62,88.0,2.68,1,a,baseline-v1,20260907T141922Z,2026-09-10T10:52:16Z,2026-09-12T12:30:00Z
4,57,Petrović,BOU,GKP,4.5,2.6,90.0,2.6,1,a,baseline-v1,20260907T141922Z,2026-09-10T10:52:16Z,2026-09-12T12:30:00Z
4,148,Hato,CHE,DEF,4.5,2.6,70.0,3.34,1,a,baseline-v1,20260907T141922Z,2026-09-10T10:52:16Z,2026-09-12T12:30:00Z
4,250,Leno,FUL,GKP,4.5,2.6,90.0,2.6,1,a,baseline-v1,20260907T141922Z,2026-09-10T10:52:16Z,2026-09-12T12:30:00Z
4,564,Scherpen,IPS,GKP,4.5,2.6,90.0,2.6,1,a,baseline-v1,20260907T141922Z,2026-09-10T10:52:16Z,2026-09-12T12:30:00Z
4,358,Kerkez,LIV,DEF,5.4,2.56,83.6,2.75,1,a,baseline-v1,20260907T141922Z,2026-09-10T10:52:16Z,2026-09-12T12:30:00Z
4,106,Thiago,BRE,FWD,7.9,2.55,88.2,2.61,1,a,baseline-v1,20260907T141922Z,2026-09-10T10:52:16Z,2026-09-12T12:30:00Z
4,61,Truffert,BOU,DEF,5.5,2.48,90.0,2.48,1,a,baseline-v1,20260907T141922Z,2026-09-10T10:52:16Z,2026-09-12T12:30:00Z
4,588,Khalaili,CRY,DEF,5.0,2.46,72.6,3.05,1,a,baseline-v1,20260907T141922Z,2026-09-10T10:52:16Z,2026-09-12T12:30:00Z
4,110,Rushworth,COV,GKP,4.5,2.43,90.0,2.43,1,a,baseline-v1,20260907T141922Z,2026-09-10T10:52:16Z,2026-09-12T12:30:00Z
4,176,Dasilva,COV,DEF,4.0,2.43,87.3,2.51,1,a,baseline-v1,20260907T141922Z,2026-09-10T10:52:16Z,2026-09-12T12:30:00Z
4,198,Henderson,CRY,GKP,5.0,2.43,90.0,2.43,1,a,baseline-v1,20260907T141922Z,2026-09-10T10:52:16Z,2026-09-12T12:30:00Z
4,412,Lammens,MUN,GKP,5.0,2.43,90.0,2.43,1,a,baseline-v1,20260907T141922Z,2026-09-10T10:52:16Z,2026-09-12T12:30:00Z
4,562,Maeda,IPS,MID,5.4,2.43,70.4,3.11,1,a,baseline-v1,20260907T141922Z,2026-09-10T10:52:16Z,2026-09-12T12:30:00Z
4,429,Rashford,MUN,MID,7.0,2.42,66.8,3.27,1,a,baseline-v1,20260907T141922Z,2026-09-10T10:52:16Z,2026-09-12T12:30:00Z
4,327,Bijol,LEE,DEF,5.0,2.41,47.8,4.54,1,a,baseline-v1,20260907T141922Z,2026-09-10T10:52:16Z,2026-09-12T12:30:00Z
4,579,Araujo,LIV,DEF,5.4,2.39,49.7,4.33,1,a,baseline-v1,20260907T141922Z,2026-09-10T10:52:16Z,2026-09-12T12:30:00Z
4,619,Palacios,IPS,MID,5.0,2.39,56.8,3.79,1,a,baseline-v1,20260907T141922Z,2026-09-10T10:52:16Z,2026-09-12T12:30:00Z
4,492,Awoniyi,COV,FWD,5.5,2.38,65.2,3.28,1,a,baseline-v1,20260907T141922Z,2026-09-10T10:52:16Z,2026-09-12T12:30:00Z
4,534,Hume,SUN,DEF,4.5,2.37,58.3,3.66,1,a,baseline-v1,20260907T141922Z,2026-09-10T10:52:16Z,2026-09-12T12:30:00Z
4,372,Mac Allister,LIV,MID,5.4,2.36,68.2,3.12,1,a,baseline-v1,20260907T141922Z,2026-09-10T10:52:16Z,2026-09-12T12:30:00Z
4,182,Amenda,COV,DEF,4.0,2.32,90.0,2.32,1,a,baseline-v1,20260907T141922Z,2026-09-10T10:52:16Z,2026-09-12T12:30:00Z
4,202,Richards,CRY,DEF,5.0,2.32,90.0,2.32,1,a,baseline-v1,20260907T141922Z,2026-09-10T10:52:16Z,2026-09-12T12:30:00Z
4,401,Marmoush,TOT,FWD,7.0,2.32,66.7,3.13,1,a,baseline-v1,20260907T141922Z,2026-09-10T10:52:16Z,2026-09-12T12:30:00Z
4,224,Nketiah,CRY,FWD,5.5,2.29,54.3,3.79,1,a,baseline-v1,20260907T141922Z,2026-09-10T10:52:16Z,2026-09-12T12:30:00Z
4,473,Aina,NFO,DEF,4.5,2.29,70.0,2.94,1,a,baseline-v1,20260907T141922Z,2026-09-10T10:52:16Z,2026-09-12T12:30:00Z
4,576,Stroud,HUL,MID,5.0,2.28,62.5,3.29,1,a,baseline-v1,20260907T141922Z,2026-09-10T10:52:16Z,2026-09-12T12:30:00Z
4,28,Martinez,CHE,GKP,5.0,2.27,69.9,2.92,1,a,baseline-v1,20260907T141922Z,2026-09-10T10:52:16Z,2026-09-12T12:30:00Z
4,166,N.Jackson,AVL,FWD,6.5,2.21,60.7,3.27,1,a,baseline-v1,20260907T141922Z,2026-09-10T10:52:16Z,2026-09-12T12:30:00Z
4,254,Robinson,FUL,DEF,4.5,2.21,82.5,2.41,1,a,baseline-v1,20260907T141922Z,2026-09-10T10:52:16Z,2026-09-12T12:30:00Z
4,183,Rudoni,COV,MID,5.0,2.2,55.2,3.58,1,a,baseline-v1,20260907T141922Z,2026-09-10T10:52:16Z,2026-09-12T12:30:00Z
4,336,Okafor,LEE,MID,5.9,2.18,55.0,3.57,1,a,baseline-v1,20260907T141922Z,2026-09-10T10:52:16Z,2026-09-12T12:30:00Z
4,419,Martinez,MUN,DEF,5.0,2.16,69.9,2.78,1,a,baseline-v1,20260907T141922Z,2026-09-10T10:52:16Z,2026-09-12T12:30:00Z
4,151,Acheampong,CHE,DEF,4.5,2.15,68.3,2.84,1,a,baseline-v1,20260907T141922Z,2026-09-10T10:52:16Z,2026-09-12T12:30:00Z
4,257,Bassey,FUL,DEF,4.5,2.15,90.0,2.15,1,a,baseline-v1,20260907T141922Z,2026-09-10T10:52:16Z,2026-09-12T12:30:00Z
4,598,Elvedi,LEE,DEF,4.5,2.11,59.0,3.22,1,a,baseline-v1,20260907T141922Z,2026-09-10T10:52:16Z,2026-09-12T12:30:00Z
4,345,Tanaka,LEE,MID,4.9,2.05,47.3,3.91,1,a,baseline-v1,20260907T141922Z,2026-09-10T10:52:16Z,2026-09-12T12:30:00Z
4,405,N.Gonzalez,NEW,MID,5.5,2.03,57.1,3.2,1,a,baseline-v1,20260907T141922Z,2026-09-10T10:52:16Z,2026-09-12T12:30:00Z
4,417,Dalot,MUN,DEF,4.9,2.02,63.5,2.87,1,a,baseline-v1,20260907T141922Z,2026-09-10T10:52:16Z,2026-09-12T12:30:00Z
4,491,Igor Jesus,NFO,FWD,5.9,2.02,63.1,2.88,1,a,baseline-v1,20260907T141922Z,2026-09-10T10:52:16Z,2026-09-12T12:30:00Z
4,33,Mings,AVL,DEF,4.5,2.01,44.7,4.05,1,a,baseline-v1,20260907T141922Z,2026-09-10T10:52:16Z,2026-09-12T12:30:00Z
4,64,Smith,BOU,DEF,4.5,1.98,90.0,1.98,1,a,baseline-v1,20260907T141922Z,2026-09-10T10:52:16Z,2026-09-12T12:30:00Z
4,203,Canvot,CRY,DEF,4.9,1.98,90.0,1.98,1,a,baseline-v1,20260907T141922Z,2026-09-10T10:52:16Z,2026-09-12T12:30:00Z
4,306,Greaves,IPS,DEF,4.0,1.98,90.0,1.98,1,a,baseline-v1,20260907T141922Z,2026-09-10T10:52:16Z,2026-09-12T12:30:00Z
4,73,Adams,BOU,MID,5.0,1.95,44.3,3.97,1,a,baseline-v1,20260907T141922Z,2026-09-10T10:52:16Z,2026-09-12T12:30:00Z
4,265,Berge,FUL,MID,5.0,1.94,55.6,3.14,1,a,baseline-v1,20260907T141922Z,2026-09-10T10:52:16Z,2026-09-12T12:30:00Z
4,129,Ayari,BHA,MID,5.4,1.93,55.2,3.15,1,a,baseline-v1,20260907T141922Z,2026-09-10T10:52:16Z,2026-09-12T12:30:00Z
4,502,Robertson,TOT,DEF,4.5,1.91,54.8,3.14,1,a,baseline-v1,20260907T141922Z,2026-09-10T10:52:16Z,2026-09-12T12:30:00Z
4,145,Fofana,CHE,DEF,5.0,1.89,62.5,2.72,1,a,baseline-v1,20260907T141922Z,2026-09-10T10:52:16Z,2026-09-12T12:30:00Z
4,71,Cook,BOU,MID,5.0,1.87,44.9,3.75,1,a,baseline-v1,20260907T141922Z,2026-09-10T10:52:16Z,2026-09-12T12:30:00Z
4,253,Andersen,FUL,DEF,5.0,1.85,69.9,2.38,1,a,baseline-v1,20260907T141922Z,2026-09-10T10:52:16Z,2026-09-12T12:30:00Z
4,580,Charles,FUL,MID,5.0,1.8,47.8,3.39,1,a,baseline-v1,20260907T141922Z,2026-09-10T10:52:16Z,2026-09-12T12:30:00Z
4,31,Konsa,ARS,DEF,4.4,1.79,44.6,3.61,1,a,baseline-v1,20260907T141922Z,2026-09-10T10:52:16Z,2026-09-12T12:30:00Z
4,553,Isidor,SUN,FWD,5.5,1.79,25.3,6.37,1,a,baseline-v1,20260907T141922Z,2026-09-10T10:52:16Z,2026-09-12T12:30:00Z
4,589,Gourna-Douath,HUL,MID,5.0,1.79,51.4,3.14,1,a,baseline-v1,20260907T141922Z,2026-09-10T10:52:16Z,2026-09-12T12:30:00Z
4,575,Yirenkyi,COV,MID,4.9,1.78,48.4,3.32,1,a,baseline-v1,20260907T141922Z,2026-09-10T10:52:16Z,2026-09-12T12:30:00Z
4,222,Strand Larsen,CRY,FWD,6.0,1.77,46.4,3.43,1,a,baseline-v1,20260907T141922Z,2026-09-10T10:52:16Z,2026-09-12T12:30:00Z
4,113,F.Kadıoğlu,BHA,DEF,4.4,1.74,63.9,2.45,1,a,baseline-v1,20260907T141922Z,2026-09-10T10:52:16Z,2026-09-12T12:30:00Z
4,186,Mason-Clark,COV,MID,5.4,1.74,50.2,3.13,1,a,baseline-v1,20260907T141922Z,2026-09-10T10:52:16Z,2026-09-12T12:30:00Z
4,95,O.Dango,BRE,MID,6.4,1.72,44.6,3.47,1,a,baseline-v1,20260907T141922Z,2026-09-10T10:52:16Z,2026-09-12T12:30:00Z
4,142,James,CHE,DEF,5.4,1.72,68.3,2.27,1,a,baseline-v1,20260907T141922Z,2026-09-10T10:52:16Z,2026-09-12T12:30:00Z
4,153,Disasi,CRY,DEF,4.5,1.71,46.2,3.33,1,a,baseline-v1,20260907T141922Z,2026-09-10T10:52:16Z,2026-09-12T12:30:00Z
4,104,Onyeka,COV,MID,4.9,1.7,48.4,3.16,1,a,baseline-v1,20260907T141922Z,2026-09-10T10:52:16Z,2026-09-12T12:30:00Z
4,11,Mosquera,ARS,DEF,5.4,1.69,33.8,4.5,1,d,baseline-v1,20260907T141922Z,2026-09-10T10:52:16Z,2026-09-12T12:30:00Z
4,337,Aaronson,LEE,MID,5.4,1.69,45.3,3.35,1,a,baseline-v1,20260907T141922Z,2026-09-10T10:52:16Z,2026-09-12T12:30:00Z
4,91,Pinnock,COV,DEF,4.5,1.68,44.9,3.36,1,a,baseline-v1,20260907T141922Z,2026-09-10T10:52:16Z,2026-09-12T12:30:00Z
4,506,Udogie,TOT,DEF,4.5,1.68,35.3,4.27,1,a,baseline-v1,20260907T141922Z,2026-09-10T10:52:16Z,2026-09-12T12:30:00Z
4,105,Anthony,BRE,MID,6.0,1.67,44.9,3.35,1,a,baseline-v1,20260907T141922Z,2026-09-10T10:52:16Z,2026-09-12T12:30:00Z
4,190,Tchaouna,COV,MID,5.5,1.66,49.0,3.06,1,a,baseline-v1,20260907T141922Z,2026-09-10T10:52:16Z,2026-09-12T12:30:00Z
4,519,Gallagher,TOT,MID,5.4,1.66,48.0,3.12,1,a,baseline-v1,20260907T141922Z,2026-09-10T10:52:16Z,2026-09-12T12:30:00Z
4,144,Gusto,CHE,DEF,5.0,1.64,59.2,2.5,1,a,baseline-v1,20260907T141922Z,2026-09-10T10:52:16Z,2026-09-12T12:30:00Z
4,167,Delap,NFO,FWD,5.5,1.61,41.0,3.53,1,a,baseline-v1,20260907T141922Z,2026-09-10T10:52:16Z,2026-09-12T12:30:00Z
4,247,Hackney,EVE,MID,5.5,1.6,33.3,4.33,1,a,baseline-v1,20260907T141922Z,2026-09-10T10:52:16Z,2026-09-12T12:30:00Z
4,371,Gravenberch,LIV,MID,5.9,1.6,35.2,4.09,1,a,baseline-v1,20260907T141922Z,2026-09-10T10:52:16Z,2026-09-12T12:30:00Z
4,155,Enzo,MCI,MID,6.9,1.59,39.8,3.6,1,a,baseline-v1,20260907T141922Z,2026-09-10T10:52:16Z,2026-09-12T12:30:00Z
4,309,Núñez,IPS,MID,5.0,1.52,37.2,3.69,1,a,baseline-v1,20260907T141922Z,2026-09-10T10:52:16Z,2026-09-12T12:30:00Z
4,239,Garner,EVE,MID,6.0,1.5,42.5,3.19,1,d,baseline-v1,20260907T141922Z,2026-09-10T10:52:16Z,2026-09-12T12:30:00Z
4,209,Johnson,EVE,MID,5.9,1.49,40.0,3.37,1,a,baseline-v1,20260907T141922Z,2026-09-10T10:52:16Z,2026-09-12T12:30:00Z
4,522,Gray,TOT,MID,5.0,1.42,40.4,3.16,1,a,baseline-v1,20260907T141922Z,2026-09-10T10:52:16Z,2026-09-12T12:30:00Z
4,525,Fernandes,TOT,MID,5.9,1.41,42.0,3.01,1,a,baseline-v1,20260907T141922Z,2026-09-10T10:52:16Z,2026-09-12T12:30:00Z
4,260,Wilson,LEE,MID,6.4,1.37,36.7,3.36,1,a,baseline-v1,20260907T141922Z,2026-09-10T10:52:16Z,2026-09-12T12:30:00Z
4,194,Thomas-Asante,COV,FWD,5.0,1.36,34.3,3.55,1,a,baseline-v1,20260907T141922Z,2026-09-10T10:52:16Z,2026-09-12T12:30:00Z
4,331,Gudmundsson,LEE,DEF,4.5,1.36,41.1,2.97,1,a,baseline-v1,20260907T141922Z,2026-09-10T10:52:16Z,2026-09-12T12:30:00Z
4,501,Danso,SUN,DEF,5.0,1.36,41.1,2.97,1,a,baseline-v1,20260907T141922Z,2026-09-10T10:52:16Z,2026-09-12T12:30:00Z
4,93,Schuster,BRE,DEF,4.5,1.35,33.3,3.65,1,a,baseline-v1,20260907T141922Z,2026-09-10T10:52:16Z,2026-09-12T12:30:00Z
4,34,Pau,AVL,DEF,4.5,1.24,45.1,2.47,1,a,baseline-v1,20260907T141922Z,2026-09-10T10:52:16Z,2026-09-12T12:30:00Z
4,456,J.Ramsey,NEW,MID,4.9,1.18,22.5,4.73,1,a,baseline-v1,20260907T141922Z,2026-09-10T10:52:16Z,2026-09-12T12:30:00Z
4,102,Yarmoliuk,BRE,MID,4.9,1.16,32.4,3.21,1,a,baseline-v1,20260907T141922Z,2026-09-10T10:52:16Z,2026-09-12T12:30:00Z
4,403,Sávio,TOT,MID,6.5,1.15,27.4,3.76,1,a,baseline-v1,20260907T141922Z,2026-09-10T10:52:16Z,2026-09-12T12:30:00Z
4,634,Fernandez-Pardo,NEW,FWD,6.0,1.13,27.0,3.76,1,a,baseline-v1,20260907T141922Z,2026-09-10T10:52:16Z,2026-09-12T12:30:00Z
4,149,Colwill,CHE,DEF,4.9,1.08,42.8,2.28,1,a,baseline-v1,20260907T141922Z,2026-09-10T10:52:16Z,2026-09-12T12:30:00Z
4,357,Frimpong,LIV,DEF,5.4,1.08,42.5,2.28,1,a,baseline-v1,20260907T141922Z,2026-09-10T10:52:16Z,2026-09-12T12:30:00Z
4,642,Thomas,HUL,MID,5.5,1.07,27.0,3.58,1,a,baseline-v1,20260907T141922Z,2026-09-10T10:52:16Z,2026-09-12T12:30:00Z
4,387,O'Reilly,MCI,DEF,6.5,1.04,31.5,2.98,1,d,baseline-v1,20260907T141922Z,2026-09-10T10:52:16Z,2026-09-12T12:30:00Z
4,627,Barcola,LIV,MID,8.0,1.04,26.0,3.59,1,a,baseline-v1,20260907T141922Z,2026-09-10T10:52:16Z,2026-09-12T12:30:00Z
4,320,Akpom,IPS,FWD,5.0,1.01,19.8,4.62,1,a,baseline-v1,20260907T141922Z,2026-09-10T10:52:16Z,2026-09-12T12:30:00Z
4,640,Flemming,IPS,FWD,5.5,1.01,24.0,3.8,1,a,baseline-v1,20260907T141922Z,2026-09-10T10:52:16Z,2026-09-12T12:30:00Z
4,439,Šeško,MUN,FWD,7.0,1.0,17.5,5.13,1,a,baseline-v1,20260907T141922Z,2026-09-10T10:52:16Z,2026-09-12T12:30:00Z
4,195,Simms,COV,FWD,5.0,0.97,24.1,3.62,1,a,baseline-v1,20260907T141922Z,2026-09-10T10:52:16Z,2026-09-12T12:30:00Z
4,638,Norton-Cuffy,HUL,DEF,4.0,0.96,26.0,3.31,1,a,baseline-v1,20260907T141922Z,2026-09-10T10:52:16Z,2026-09-12T12:30:00Z
4,90,Hickey,BRE,DEF,4.5,0.95,24.3,3.51,1,a,baseline-v1,20260907T141922Z,2026-09-10T10:52:16Z,2026-09-12T12:30:00Z
4,643,Chilwell,CRY,DEF,4.5,0.95,16.0,5.32,1,a,baseline-v1,20260907T141922Z,2026-09-10T10:52:16Z,2026-09-12T12:30:00Z
4,462,Steur,NEW,MID,4.9,0.94,24.3,3.48,1,a,baseline-v1,20260907T141922Z,2026-09-10T10:52:16Z,2026-09-12T12:30:00Z
4,583,Chavarria,CHE,DEF,4.9,0.94,25.0,3.38,1,a,baseline-v1,20260907T141922Z,2026-09-10T10:52:16Z,2026-09-12T12:30:00Z
4,313,Clarke,IPS,MID,5.5,0.91,15.2,5.41,1,a,baseline-v1,20260907T141922Z,2026-09-10T10:52:16Z,2026-09-12T12:30:00Z
4,585,Herrington,HUL,DEF,4.0,0.91,24.4,3.36,1,a,baseline-v1,20260907T141922Z,2026-09-10T10:52:16Z,2026-09-12T12:30:00Z
4,577,Tomiyasu,CRY,DEF,4.5,0.9,27.4,2.97,1,a,baseline-v1,20260907T141922Z,2026-09-10T10:52:16Z,2026-09-12T12:30:00Z
4,162,Andrey Santos,MUN,MID,4.9,0.87,20.7,3.78,1,a,baseline-v1,20260907T141922Z,2026-09-10T10:52:16Z,2026-09-12T12:30:00Z
4,415,Dorgu,MUN,MID,5.9,0.83,22.4,3.34,1,a,baseline-v1,20260907T141922Z,2026-09-10T10:52:16Z,2026-09-12T12:30:00Z
4,422,Mazraoui,MUN,DEF,4.5,0.83,23.6,3.16,1,a,baseline-v1,20260907T141922Z,2026-09-10T10:52:16Z,2026-09-12T12:30:00Z
4,201,Muñoz,NFO,DEF,5.4,0.81,26.2,2.76,1,a,baseline-v1,20260907T141922Z,2026-09-10T10:52:16Z,2026-09-12T12:30:00Z
4,241,McNeil,CRY,MID,5.4,0.81,20.9,3.51,1,a,baseline-v1,20260907T141922Z,2026-09-10T10:52:16Z,2026-09-12T12:30:00Z
4,512,Kudus,TOT,MID,6.5,0.81,20.3,3.59,1,a,baseline-v1,20260907T141922Z,2026-09-10T10:52:16Z,2026-09-12T12:30:00Z
4,369,Ngumoha,LIV,MID,5.8,0.78,19.9,3.54,1,a,baseline-v1,20260907T141922Z,2026-09-10T10:52:16Z,2026-09-12T12:30:00Z
4,649,Maitland-Niles,EVE,DEF,4.5,0.78,13.0,5.37,1,a,baseline-v1,20260907T141922Z,2026-09-10T10:52:16Z,2026-09-12T12:30:00Z
4,347,Nmecha,LEE,FWD,5.4,0.77,14.5,4.79,1,a,baseline-v1,20260907T141922Z,2026-09-10T10:52:16Z,2026-09-12T12:30:00Z
4,19,Zubimendi,ARS,MID,5.4,0.73,17.0,3.88,1,a,baseline-v1,20260907T141922Z,2026-09-10T10:52:16Z,2026-09-12T12:30:00Z
4,255,J.Cuenca,FUL,DEF,4.5,0.72,20.1,3.22,1,a,baseline-v1,20260907T141922Z,2026-09-10T10:52:16Z,2026-09-12T12:30:00Z
4,488,I.Sangaré,NFO,MID,4.9,0.72,20.1,3.2,1,a,baseline-v1,20260907T141922Z,2026-09-10T10:52:16Z,2026-09-12T12:30:00Z
4,498,Senesi,TOT,DEF,5.9,0.72,20.1,3.22,1,a,baseline-v1,20260907T141922Z,2026-09-10T10:52:16Z,2026-09-12T12:30:00Z
4,125,Georginio,BHA,FWD,5.5,0.69,15.1,4.1,1,d,baseline-v1,20260907T141922Z,2026-09-10T10:52:16Z,2026-09-12T12:30:00Z
4,14,Eze,ARS,MID,6.4,0.68,17.5,3.5,1,a,baseline-v1,20260907T141922Z,2026-09-10T10:52:16Z,2026-09-12T12:30:00Z
4,646,Fofana,SUN,MID,5.5,0.66,16.0,3.71,1,a,baseline-v1,20260907T141922Z,2026-09-10T10:52:16Z,2026-09-12T12:30:00Z
4,269,Sessegnon,FUL,DEF,4.5,0.64,15.9,3.63,1,a,baseline-v1,20260907T141922Z,2026-09-10T10:52:16Z,2026-09-12T12:30:00Z
4,17,Merino,ARS,MID,5.9,0.61,15.1,3.65,1,a,baseline-v1,20260907T141922Z,2026-09-10T10:52:16Z,2026-09-12T12:30:00Z
4,421,Heaven,MUN,DEF,4.4,0.61,20.1,2.72,1,a,baseline-v1,20260907T141922Z,2026-09-10T10:52:16Z,2026-09-12T12:30:00Z
4,52,Alysson,AVL,MID,5.0,0.6,14.7,3.69,1,a,baseline-v1,20260907T141922Z,2026-09-10T10:52:16Z,2026-09-12T12:30:00Z
4,84,Collins,BRE,DEF,5.5,0.6,14.1,3.84,1,d,baseline-v1,20260907T141922Z,2026-09-10T10:52:16Z,2026-09-12T12:30:00Z
4,29,M.Bizot,AVL,GKP,4.5,0.59,20.1,2.65,1,a,baseline-v1,20260907T141922Z,2026-09-10T10:52:16Z,2026-09-12T12:30:00Z
4,42,Guessand,CRY,MID,5.5,0.58,14.7,3.56,1,a,baseline-v1,20260907T141922Z,2026-09-10T10:52:16Z,2026-09-12T12:30:00Z
4,490,Wood,NFO,FWD,5.9,0.58,13.6,3.84,1,a,baseline-v1,20260907T141922Z,2026-09-10T10:52:16Z,2026-09-12T12:30:00Z
4,123,Hinshelwood,BHA,MID,6.0,0.57,7.0,7.24,1,d,baseline-v1,20260907T141922Z,2026-09-10T10:52:16Z,2026-09-12T12:30:00Z
4,526,Solanke,TOT,FWD,5.9,0.57,12.5,4.14,1,a,baseline-v1,20260907T141922Z,2026-09-10T10:52:16Z,2026-09-12T12:30:00Z
4,323,McAteer,IPS,MID,4.5,0.56,12.6,3.98,1,a,baseline-v1,20260907T141922Z,2026-09-10T10:52:16Z,2026-09-12T12:30:00Z
4,592,Ouattara,IPS,DEF,4.0,0.55,13.2,3.76,1,a,baseline-v1,20260907T141922Z,2026-09-10T10:52:16Z,2026-09-12T12:30:00Z
4,119,Costinha,BHA,DEF,4.5,0.54,14.5,3.37,1,a,baseline-v1,20260907T141922Z,2026-09-10T10:52:16Z,2026-09-12T12:30:00Z
4,238,Grealish,EVE,MID,6.5,0.54,12.7,3.81,1,a,baseline-v1,20260907T141922Z,2026-09-10T10:52:16Z,2026-09-12T12:30:00Z
4,289,Crooks,HUL,MID,4.5,0.54,15.1,3.2,1,d,baseline-v1,20260907T141922Z,2026-09-10T10:52:16Z,2026-09-12T12:30:00Z
4,563,Morita,HUL,MID,5.0,0.54,14.4,3.37,1,a,baseline-v1,20260907T141922Z,2026-09-10T10:52:16Z,2026-09-12T12:30:00Z
4,160,Garnacho,AVL,MID,5.9,0.53,11.6,4.13,1,a,baseline-v1,20260907T141922Z,2026-09-10T10:52:16Z,2026-09-12T12:30:00Z
4,616,Bouaddi,MCI,MID,5.5,0.51,11.5,3.95,1,a,baseline-v1,20260907T141922Z,2026-09-10T10:52:16Z,2026-09-12T12:30:00Z
4,188,Torp,COV,MID,5.4,0.5,12.3,3.63,1,a,baseline-v1,20260907T141922Z,2026-09-10T10:52:16Z,2026-09-12T12:30:00Z
4,9,Hincapie,ARS,DEF,5.3,0.49,12.5,3.55,1,a,baseline-v1,20260907T141922Z,2026-09-10T10:52:16Z,2026-09-12T12:30:00Z
4,457,J.Murphy,NEW,MID,5.9,0.49,11.6,3.78,1,a,baseline-v1,20260907T141922Z,2026-09-10T10:52:16Z,2026-09-12T12:30:00Z
4,539,O'Nien,SUN,DEF,4.0,0.48,14.8,2.92,1,a,baseline-v1,20260907T141922Z,2026-09-10T10:52:16Z,2026-09-12T12:30:00Z
4,584,Hamer,COV,MID,5.4,0.46,10.1,4.11,1,a,baseline-v1,20260907T141922Z,2026-09-10T10:52:16Z,2026-09-12T12:30:00Z
4,635,Larsson,FUL,MID,5.0,0.46,11.0,3.78,1,a,baseline-v1,20260907T141922Z,2026-09-10T10:52:16Z,2026-09-12T12:30:00Z
4,406,Kovačić,MCI,MID,5.4,0.44,10.8,3.69,1,a,baseline-v1,20260907T141922Z,2026-09-10T10:52:16Z,2026-09-12T12:30:00Z
4,395,Lewis,MCI,DEF,4.5,0.42,12.5,3.01,1,a,baseline-v1,20260907T141922Z,2026-09-10T10:52:16Z,2026-09-12T12:30:00Z
4,262,Smith Rowe,FUL,MID,5.4,0.41,9.5,3.91,1,a,baseline-v1,20260907T141922Z,2026-09-10T10:52:16Z,2026-09-12T12:30:00Z
4,74,Brooks,BOU,MID,5.0,0.4,9.3,3.93,1,a,baseline-v1,20260907T141922Z,2026-09-10T10:52:16Z,2026-09-12T12:30:00Z
4,185,Sakamoto,COV,MID,4.9,0.39,9.9,3.53,1,a,baseline-v1,20260907T141922Z,2026-09-10T10:52:16Z,2026-09-12T12:30:00Z
4,594,David,BHA,FWD,6.0,0.39,9.1,3.81,1,a,baseline-v1,20260907T141922Z,2026-09-10T10:52:16Z,2026-09-12T12:30:00Z
4,56,Abraham,AVL,FWD,5.5,0.38,8.4,4.1,1,a,baseline-v1,20260907T141922Z,2026-09-10T10:52:16Z,2026-09-12T12:30:00Z
4,520,Bergvall,TOT,MID,5.4,0.38,10.1,3.37,1,a,baseline-v1,20260907T141922Z,2026-09-10T10:52:16Z,2026-09-12T12:30:00Z
4,596,Ruggeri,AVL,DEF,4.5,0.35,8.6,3.66,1,a,baseline-v1,20260907T141922Z,2026-09-10T10:52:16Z,2026-09-12T12:30:00Z
4,617,Cho,HUL,MID,5.0,0.34,7.6,4.04,1,a,baseline-v1,20260907T141922Z,2026-09-10T10:52:16Z,2026-09-12T12:30:00Z
4,600,Osman,BHA,MID,5.0,0.33,7.8,3.87,1,a,baseline-v1,20260907T141922Z,2026-09-10T10:52:16Z,2026-09-12T12:30:00Z
4,611,Wan-Bissaka,AVL,DEF,4.5,0.33,7.9,3.73,1,a,baseline-v1,20260907T141922Z,2026-09-10T10:52:16Z,2026-09-12T12:30:00Z
4,420,Yoro,MUN,DEF,4.9,0.32,7.9,3.67,1,a,baseline-v1,20260907T141922Z,2026-09-10T10:52:16Z,2026-09-12T12:30:00Z
4,375,Nyoni,LIV,MID,4.9,0.31,6.9,3.99,1,a,baseline-v1,20260907T141922Z,2026-09-10T10:52:16Z,2026-09-12T12:30:00Z
4,212,Hughes,CRY,MID,4.5,0.3,7.3,3.71,1,a,baseline-v1,20260907T141922Z,2026-09-10T10:52:16Z,2026-09-12T12:30:00Z
4,578,Mudryk,TOT,MID,5.4,0.3,7.3,3.71,1,a,baseline-v1,20260907T141922Z,2026-09-10T10:52:16Z,2026-09-12T12:30:00Z
4,343,James,LEE,MID,5.0,0.28,7.0,3.64,1,a,baseline-v1,20260907T141922Z,2026-09-10T10:52:16Z,2026-09-12T12:30:00Z
4,595,Gozo,CRY,MID,5.0,0.28,7.0,3.64,1,a,baseline-v1,20260907T141922Z,2026-09-10T10:52:16Z,2026-09-12T12:30:00Z
4,389,Matheus N.,MCI,DEF,5.9,0.27,7.4,3.24,1,a,baseline-v1,20260907T141922Z,2026-09-10T10:52:16Z,2026-09-12T12:30:00Z
4,549,Talbi,SUN,MID,5.4,0.27,6.9,3.53,1,a,baseline-v1,20260907T141922Z,2026-09-10T10:52:16Z,2026-09-12T12:30:00Z
4,263,Kevin,FUL,MID,5.4,0.26,6.0,3.92,1,a,baseline-v1,20260907T141922Z,2026-09-10T10:52:16Z,2026-09-12T12:30:00Z
4,157,Estêvão,CHE,MID,6.4,0.25,5.7,4.03,1,a,baseline-v1,20260907T141922Z,2026-09-10T10:52:16Z,2026-09-12T12:30:00Z
4,452,Bruno G.,ARS,MID,6.8,0.25,6.1,3.67,1,a,baseline-v1,20260907T141922Z,2026-09-10T10:52:16Z,2026-09-12T12:30:00Z
4,25,Gyökeres,ARS,FWD,7.3,0.24,5.5,3.96,1,a,baseline-v1,20260907T141922Z,2026-09-10T10:52:16Z,2026-09-12T12:30:00Z
4,16,Madueke,ARS,MID,6.3,0.23,5.4,3.93,1,a,baseline-v1,20260907T141922Z,2026-09-10T10:52:16Z,2026-09-12T12:30:00Z
4,271,Muniz,FUL,FWD,5.4,0.23,5.0,4.23,1,a,baseline-v1,20260907T141922Z,2026-09-10T10:52:16Z,2026-09-12T12:30:00Z
4,364,Tsimikas,LIV,DEF,4.9,0.23,6.1,3.39,1,a,baseline-v1,20260907T141922Z,2026-09-10T10:52:16Z,2026-09-12T12:30:00Z
4,621,McAidoo,MCI,MID,4.5,0.23,5.1,4.1,1,a,baseline-v1,20260907T141922Z,2026-09-10T10:52:16Z,2026-09-12T12:30:00Z
4,207,Mingueza,CRY,DEF,4.4,0.22,5.3,3.74,1,a,baseline-v1,20260907T141922Z,2026-09-10T10:52:16Z,2026-09-12T12:30:00Z
4,108,Wilson,BRE,FWD,5.5,0.21,4.0,4.58,1,a,baseline-v1,20260907T141922Z,2026-09-10T10:52:16Z,2026-09-12T12:30:00Z
4,285,McNair,HUL,DEF,4.0,0.21,5.8,3.31,1,a,baseline-v1,20260907T141922Z,2026-09-10T10:52:16Z,2026-09-12T12:30:00Z
4,308,Furlong,IPS,DEF,4.0,0.21,5.4,3.42,1,a,baseline-v1,20260907T141922Z,2026-09-10T10:52:16Z,2026-09-12T12:30:00Z
4,478,Netz,NFO,DEF,4.5,0.2,4.9,3.69,1,a,baseline-v1,20260907T141922Z,2026-09-10T10:52:16Z,2026-09-12T12:30:00Z
4,548,Rigg,SUN,MID,4.9,0.2,4.5,4.01,1,a,baseline-v1,20260907T141922Z,2026-09-10T10:52:16Z,2026-09-12T12:30:00Z
4,535,Alderete,SUN,DEF,4.9,0.19,5.1,3.35,1,a,baseline-v1,20260907T141922Z,2026-09-10T10:52:16Z,2026-09-12T12:30:00Z
4,608,Jebbison,BOU,FWD,5.0,0.18,3.8,4.22,1,a,baseline-v1,20260907T141922Z,2026-09-10T10:52:16Z,2026-09-12T12:30:00Z
4,574,Hjertø-Dahl,HUL,MID,4.9,0.16,3.7,3.82,1,a,baseline-v1,20260907T141922Z,2026-09-10T10:52:16Z,2026-09-12T12:30:00Z
4,35,Bogarde,AVL,MID,5.0,0.15,3.6,3.71,1,a,baseline-v1,20260907T141922Z,2026-09-10T10:52:16Z,2026-09-12T12:30:00Z
4,515,Maddison,TOT,MID,6.4,0.15,3.7,3.64,1,d,baseline-v1,20260907T141922Z,2026-09-10T10:52:16Z,2026-09-12T12:30:00Z
4,76,Tóth.A,BOU,MID,5.0,0.14,3.4,3.73,1,a,baseline-v1,20260907T141922Z,2026-09-10T10:52:16Z,2026-09-12T12:30:00Z
4,381,Koumas,LIV,MID,5.0,0.14,3.1,4.07,1,a,baseline-v1,20260907T141922Z,2026-09-10T10:52:16Z,2026-09-12T12:30:00Z
4,81,Rodríguez,BOU,FWD,6.0,0.13,2.9,4.0,1,a,baseline-v1,20260907T141922Z,2026-09-10T10:52:16Z,2026-09-12T12:30:00Z
4,159,Caicedo,CHE,MID,5.4,0.13,3.1,3.75,1,d,baseline-v1,20260907T141922Z,2026-09-10T10:52:16Z,2026-09-12T12:30:00Z
4,559,Bamba,NEW,MID,4.9,0.13,3.1,3.74,1,a,baseline-v1,20260907T141922Z,2026-09-10T10:52:16Z,2026-09-12T12:30:00Z
4,135,Yohanna,BHA,MID,4.9,0.11,2.7,3.77,1,a,baseline-v1,20260907T141922Z,2026-09-10T10:52:16Z,2026-09-12T12:30:00Z
4,568,Barco,CHE,MID,5.5,0.11,2.6,3.82,1,a,baseline-v1,20260907T141922Z,2026-09-10T10:52:16Z,2026-09-12T12:30:00Z
4,321,Walle Egeli,IPS,FWD,4.5,0.1,2.2,3.99,1,a,baseline-v1,20260907T141922Z,2026-09-10T10:52:16Z,2026-09-12T12:30:00Z
4,435,Lacey,MUN,MID,5.0,0.09,2.2,3.79,1,a,baseline-v1,20260907T141922Z,2026-09-10T10:52:16Z,2026-09-12T12:30:00Z
4,164,Quenda,CHE,MID,5.4,0.08,1.8,3.82,1,a,baseline-v1,20260907T141922Z,2026-09-10T10:52:16Z,2026-09-12T12:30:00Z
4,339,Longstaff,LEE,MID,4.9,0.08,1.8,3.82,1,a,baseline-v1,20260907T141922Z,2026-09-10T10:52:16Z,2026-09-12T12:30:00Z
4,75,Christie,BOU,MID,5.0,0.07,1.4,4.2,1,a,baseline-v1,20260907T141922Z,2026-09-10T10:52:16Z,2026-09-12T12:30:00Z
4,136,Welbeck,CHE,FWD,5.9,0.06,1.4,4.09,1,a,baseline-v1,20260907T141922Z,2026-09-10T10:52:16Z,2026-09-12T12:30:00Z
4,240,Iroegbunam,HUL,MID,5.0,0.06,1.3,3.88,1,a,baseline-v1,20260907T141922Z,2026-09-10T10:52:16Z,2026-09-12T12:30:00Z
4,243,Alcaraz,EVE,MID,5.0,0.06,1.5,3.86,1,a,baseline-v1,20260907T141922Z,2026-09-10T10:52:16Z,2026-09-12T12:30:00Z
4,556,Targett,HUL,DEF,4.0,0.04,1.1,3.57,1,a,baseline-v1,20260907T141922Z,2026-09-10T10:52:16Z,2026-09-12T12:30:00Z
4,647,Osorio,CRY,MID,5.5,0.04,1.0,3.92,1,a,baseline-v1,20260907T141922Z,2026-09-10T10:52:16Z,2026-09-12T12:30:00Z
4,72,Gannon-Doak,BOU,MID,4.9,0.03,0.7,4.24,1,a,baseline-v1,20260907T141922Z,2026-09-10T10:52:16Z,2026-09-12T12:30:00Z
4,89,Henry,BRE,DEF,4.5,0.03,0.6,3.61,1,a,baseline-v1,20260907T141922Z,2026-09-10T10:52:16Z,2026-09-12T12:30:00Z
4,328,Struijk,BHA,DEF,5.0,0.02,0.5,3.62,1,a,baseline-v1,20260907T141922Z,2026-09-10T10:52:16Z,2026-09-12T12:30:00Z
4,450,Livramento,NEW,DEF,4.9,0.02,0.5,3.62,1,a,baseline-v1,20260907T141922Z,2026-09-10T10:52:16Z,2026-09-12T12:30:00Z
4,581,Diomande,NFO,DEF,5.4,0.02,0.5,3.62,1,a,baseline-v1,20260907T141922Z,2026-09-10T10:52:16Z,2026-09-12T12:30:00Z
4,622,Braithwaite,MCI,DEF,4.0,0.02,0.4,3.62,1,a,baseline-v1,20260907T141922Z,2026-09-10T10:52:16Z,2026-09-12T12:30:00Z
4,396,Vitor Reis,MCI,DEF,4.5,0.01,0.3,3.62,1,a,baseline-v1,20260907T141922Z,2026-09-10T10:52:16Z,2026-09-12T12:30:00Z
4,446,Schär,NEW,DEF,5.0,0.01,0.2,3.62,1,a,baseline-v1,20260907T141922Z,2026-09-10T10:52:16Z,2026-09-12T12:30:00Z
4,461,Touré,NEW,MID,5.9,0.01,0.3,3.92,1,a,baseline-v1,20260907T141922Z,2026-09-10T10:52:16Z,2026-09-12T12:30:00Z
4,482,Hudson-Odoi,NFO,MID,5.9,0.01,0.3,3.92,1,a,baseline-v1,20260907T141922Z,2026-09-10T10:52:16Z,2026-09-12T12:30:00Z
4,487,Dominguez,NFO,MID,4.9,0.01,0.3,3.92,1,a,baseline-v1,20260907T141922Z,2026-09-10T10:52:16Z,2026-09-12T12:30:00Z
4,493,Kalimuendo,NFO,FWD,5.4,0.01,0.2,4.12,1,a,baseline-v1,20260907T141922Z,2026-09-10T10:52:16Z,2026-09-12T12:30:00Z
4,547,Mundle,SUN,MID,4.9,0.01,0.3,3.92,1,a,baseline-v1,20260907T141922Z,2026-09-10T10:52:16Z,2026-09-12T12:30:00Z
4,2,Arrizabalaga,ARS,GKP,4.9,0.0,0.0,3.2,1,a,baseline-v1,20260907T141922Z,2026-09-10T10:52:16Z,2026-09-12T12:30:00Z
4,3,Meslier,ARS,GKP,4.9,0.0,0.0,3.2,1,a,baseline-v1,20260907T141922Z,2026-09-10T10:52:16Z,2026-09-12T12:30:00Z
4,5,J.Timber,ARS,DEF,6.5,0.0,0.0,3.3,1,d,baseline-v1,20260907T141922Z,2026-09-10T10:52:16Z,2026-09-12T12:30:00Z
4,6,Saliba,ARS,DEF,6.0,0.0,0.0,3.3,1,i,baseline-v1,20260907T141922Z,2026-09-10T10:52:16Z,2026-09-12T12:30:00Z
4,18,Martinelli,ARS,MID,6.3,0.0,0.0,3.6,1,u,baseline-v1,20260907T141922Z,2026-09-10T10:52:16Z,2026-09-12T12:30:00Z
4,20,Dowman,ARS,MID,5.3,0.0,0.0,3.6,1,a,baseline-v1,20260907T141922Z,2026-09-10T10:52:16Z,2026-09-12T12:30:00Z
4,21,Nørgaard,EVE,MID,4.9,0.0,0.0,3.6,1,i,baseline-v1,20260907T141922Z,2026-09-10T10:52:16Z,2026-09-12T12:30:00Z
4,22,Nwaneri,ARS,MID,5.4,0.0,0.0,3.6,1,u,baseline-v1,20260907T141922Z,2026-09-10T10:52:16Z,2026-09-12T12:30:00Z
4,23,Fábio Vieira,ARS,MID,5.5,0.0,0.0,3.6,1,u,baseline-v1,20260907T141922Z,2026-09-10T10:52:16Z,2026-09-12T12:30:00Z
4,24,Nelson,ARS,MID,5.5,0.0,0.0,3.6,1,u,baseline-v1,20260907T141922Z,2026-09-10T10:52:16Z,2026-09-12T12:30:00Z
4,27,G.Jesus,ARS,FWD,5.9,0.0,0.0,3.8,1,u,baseline-v1,20260907T141922Z,2026-09-10T10:52:16Z,2026-09-12T12:30:00Z
4,30,Digne,AVL,DEF,4.5,0.0,0.0,3.3,1,u,baseline-v1,20260907T141922Z,2026-09-10T10:52:16Z,2026-09-12T12:30:00Z
4,38,A.García,AVL,DEF,4.0,0.0,0.0,3.3,1,a,baseline-v1,20260907T141922Z,2026-09-10T10:52:16Z,2026-09-12T12:30:00Z
4,39,Nedeljkovic,AVL,DEF,4.0,0.0,0.0,3.3,1,u,baseline-v1,20260907T141922Z,2026-09-10T10:52:16Z,2026-09-12T12:30:00Z
4,44,Bailey,AVL,MID,5.4,0.0,0.0,3.6,1,u,baseline-v1,20260907T141922Z,2026-09-10T10:52:16Z,2026-09-12T12:30:00Z
4,48,Onana,AVL,MID,5.0,0.0,0.0,3.6,1,i,baseline-v1,20260907T141922Z,2026-09-10T10:52:16Z,2026-09-12T12:30:00Z
4,49,Iling Jr,AVL,MID,5.0,0.0,0.0,3.6,1,u,baseline-v1,20260907T141922Z,2026-09-10T10:52:16Z,2026-09-12T12:30:00Z
4,50,Burrowes,AVL,MID,4.5,0.0,0.0,3.6,1,a,baseline-v1,20260907T141922Z,2026-09-10T10:52:16Z,2026-09-12T12:30:00Z
4,53,Manzambi,AVL,MID,5.9,0.0,0.0,3.6,1,i,baseline-v1,20260907T141922Z,2026-09-10T10:52:16Z,2026-09-12T12:30:00Z
4,54,Gomes,AVL,MID,5.5,0.0,0.0,2.56,1,s,baseline-v1,20260907T141922Z,2026-09-10T10:52:16Z,2026-09-12T12:30:00Z
4,55,Watkins,AVL,FWD,7.8,0.0,0.0,3.8,1,u,baseline-v1,20260907T141922Z,2026-09-10T10:52:16Z,2026-09-12T12:30:00Z
4,58,Forster,BOU,GKP,4.0,0.0,0.0,3.2,1,a,baseline-v1,20260907T141922Z,2026-09-10T10:52:16Z,2026-09-12T12:30:00Z
4,59,Dennis,BOU,GKP,4.0,0.0,0.0,3.2,1,u,baseline-v1,20260907T141922Z,2026-09-10T10:52:16Z,2026-09-12T12:30:00Z
4,62,Diakité,BOU,DEF,5.0,0.0,0.0,3.3,1,a,baseline-v1,20260907T141922Z,2026-09-10T10:52:16Z,2026-09-12T12:30:00Z
4,63,Milosavljević,BOU,DEF,5.0,0.0,0.0,3.3,1,i,baseline-v1,20260907T141922Z,2026-09-10T10:52:16Z,2026-09-12T12:30:00Z
4,65,J.Araujo,BOU,DEF,4.4,0.0,0.0,3.3,1,i,baseline-v1,20260907T141922Z,2026-09-10T10:52:16Z,2026-09-12T12:30:00Z
4,66,Soler,BOU,DEF,4.0,0.0,0.0,3.3,1,a,baseline-v1,20260907T141922Z,2026-09-10T10:52:16Z,2026-09-12T12:30:00Z
4,77,Adli,BOU,MID,4.9,0.0,0.0,3.6,1,i,baseline-v1,20260907T141922Z,2026-09-10T10:52:16Z,2026-09-12T12:30:00Z
4,78,Kroupi.Jr,BOU,MID,7.4,0.0,0.0,3.6,1,i,baseline-v1,20260907T141922Z,2026-09-10T10:52:16Z,2026-09-12T12:30:00Z
4,80,Enes Ünal,BOU,FWD,5.5,0.0,0.0,3.8,1,u,baseline-v1,20260907T141922Z,2026-09-10T10:52:16Z,2026-09-12T12:30:00Z
4,83,Valdimarsson,BRE,GKP,4.5,0.0,0.0,3.2,1,a,baseline-v1,20260907T141922Z,2026-09-10T10:52:16Z,2026-09-12T12:30:00Z
4,85,Van den Berg,BRE,DEF,4.9,0.0,0.0,3.3,1,i,baseline-v1,20260907T141922Z,2026-09-10T10:52:16Z,2026-09-12T12:30:00Z
4,92,Ji-soo,BRE,DEF,4.5,0.0,0.0,3.3,1,a,baseline-v1,20260907T141922Z,2026-09-10T10:52:16Z,2026-09-12T12:30:00Z
4,97,Jensen,BRE,MID,5.5,0.0,0.0,4.5,1,i,baseline-v1,20260907T141922Z,2026-09-10T10:52:16Z,2026-09-12T12:30:00Z
4,99,Milambo,BRE,MID,5.0,0.0,0.0,3.6,1,i,baseline-v1,20260907T141922Z,2026-09-10T10:52:16Z,2026-09-12T12:30:00Z
4,100,Carvalho,BRE,MID,5.0,0.0,0.0,3.6,1,a,baseline-v1,20260907T141922Z,2026-09-10T10:52:16Z,2026-09-12T12:30:00Z
4,101,Henderson,CHE,MID,5.0,0.0,0.0,3.6,1,d,baseline-v1,20260907T141922Z,2026-09-10T10:52:16Z,2026-09-12T12:30:00Z
4,103,Dasilva,BRE,MID,5.0,0.0,0.0,3.6,1,i,baseline-v1,20260907T141922Z,2026-09-10T10:52:16Z,2026-09-12T12:30:00Z
4,107,Furo,BRE,FWD,4.5,0.0,0.0,3.8,1,a,baseline-v1,20260907T141922Z,2026-09-10T10:52:16Z,2026-09-12T12:30:00Z
4,111,Steele,BHA,GKP,4.0,0.0,0.0,3.2,1,a,baseline-v1,20260907T141922Z,2026-09-10T10:52:16Z,2026-09-12T12:30:00Z
4,117,Coppola,BHA,DEF,4.5,0.0,0.0,3.3,1,a,baseline-v1,20260907T141922Z,2026-09-10T10:52:16Z,2026-09-12T12:30:00Z
4,118,Igor,BHA,DEF,4.5,0.0,0.0,3.3,1,u,baseline-v1,20260907T141922Z,2026-09-10T10:52:16Z,2026-09-12T12:30:00Z
4,120,Svoboda,BHA,DEF,5.0,0.0,0.0,3.3,1,a,baseline-v1,20260907T141922Z,2026-09-10T10:52:16Z,2026-09-12T12:30:00Z
4,121,Mitoma,BHA,MID,5.9,0.0,0.0,3.6,1,i,baseline-v1,20260907T141922Z,2026-09-10T10:52:16Z,2026-09-12T12:30:00Z
4,122,Minteh,BHA,MID,5.9,0.0,0.0,3.6,1,i,baseline-v1,20260907T141922Z,2026-09-10T10:52:16Z,2026-09-12T12:30:00Z
4,126,O'Riley,BHA,MID,5.5,0.0,0.0,3.6,1,a,baseline-v1,20260907T141922Z,2026-09-10T10:52:16Z,2026-09-12T12:30:00Z
4,128,Buonanotte,BHA,MID,5.0,0.0,0.0,3.6,1,u,baseline-v1,20260907T141922Z,2026-09-10T10:52:16Z,2026-09-12T12:30:00Z
4,130,Wieffer,BHA,DEF,5.0,0.0,0.0,3.57,1,i,baseline-v1,20260907T141922Z,2026-09-10T10:52:16Z,2026-09-12T12:30:00Z
4,131,Baleba,MUN,MID,5.0,0.0,0.0,3.6,1,i,baseline-v1,20260907T141922Z,2026-09-10T10:52:16Z,2026-09-12T12:30:00Z
4,132,Howell,BHA,MID,4.5,0.0,0.0,3.6,1,u,baseline-v1,20260907T141922Z,2026-09-10T10:52:16Z,2026-09-12T12:30:00Z
4,133,Watson,BHA,MID,5.0,0.0,0.0,3.6,1,u,baseline-v1,20260907T141922Z,2026-09-10T10:52:16Z,2026-09-12T12:30:00Z
4,134,Oriola,BHA,MID,4.5,0.0,0.0,3.6,1,a,baseline-v1,20260907T141922Z,2026-09-10T10:52:16Z,2026-09-12T12:30:00Z
4,137,Tzimas,BHA,FWD,5.5,0.0,0.0,3.8,1,i,baseline-v1,20260907T141922Z,2026-09-10T10:52:16Z,2026-09-12T12:30:00Z
4,139,Ferguson,BHA,FWD,5.0,0.0,0.0,3.8,1,i,baseline-v1,20260907T141922Z,2026-09-10T10:52:16Z,2026-09-12T12:30:00Z
4,140,Sánchez,CHE,GKP,4.9,0.0,0.0,2.9,1,u,baseline-v1,20260907T141922Z,2026-09-10T10:52:16Z,2026-09-12T12:30:00Z
4,141,Jörgensen,CHE,GKP,5.0,0.0,0.0,3.2,1,u,baseline-v1,20260907T141922Z,2026-09-10T10:52:16Z,2026-09-12T12:30:00Z
4,143,Chalobah,CHE,DEF,5.5,0.0,0.0,3.3,1,u,baseline-v1,20260907T141922Z,2026-09-10T10:52:16Z,2026-09-12T12:30:00Z
4,146,B.Badiashile,CHE,DEF,4.5,0.0,0.0,3.3,1,u,baseline-v1,20260907T141922Z,2026-09-10T10:52:16Z,2026-09-12T12:30:00Z
4,147,Tosin,TOT,DEF,4.4,0.0,0.0,3.3,1,a,baseline-v1,20260907T141922Z,2026-09-10T10:52:16Z,2026-09-12T12:30:00Z
4,150,M.Sarr,CHE,DEF,4.5,0.0,0.0,3.3,1,u,baseline-v1,20260907T141922Z,2026-09-10T10:52:16Z,2026-09-12T12:30:00Z
4,152,Palestra,CHE,DEF,5.4,0.0,0.0,3.3,1,d,baseline-v1,20260907T141922Z,2026-09-10T10:52:16Z,2026-09-12T12:30:00Z
4,158,Gittens,CHE,MID,5.9,0.0,0.0,3.6,1,a,baseline-v1,20260907T141922Z,2026-09-10T10:52:16Z,2026-09-12T12:30:00Z
4,163,D.Essugo,CHE,MID,4.5,0.0,0.0,3.6,1,u,baseline-v1,20260907T141922Z,2026-09-10T10:52:16Z,2026-09-12T12:30:00Z
4,168,Marc Guiu,CHE,FWD,5.0,0.0,0.0,3.8,1,u,baseline-v1,20260907T141922Z,2026-09-10T10:52:16Z,2026-09-12T12:30:00Z
4,169,Mheuka,CHE,FWD,4.5,0.0,0.0,3.8,1,a,baseline-v1,20260907T141922Z,2026-09-10T10:52:16Z,2026-09-12T12:30:00Z
4,170,Emegha,CHE,FWD,5.0,0.0,0.0,3.8,1,a,baseline-v1,20260907T141922Z,2026-09-10T10:52:16Z,2026-09-12T12:30:00Z
4,171,Dovin,COV,GKP,4.0,0.0,0.0,3.2,1,u,baseline-v1,20260907T141922Z,2026-09-10T10:52:16Z,2026-09-12T12:30:00Z
4,172,Wilson,COV,GKP,4.5,0.0,0.0,3.2,1,a,baseline-v1,20260907T141922Z,2026-09-10T10:52:16Z,2026-09-12T12:30:00Z
4,174,Kitching,COV,DEF,4.0,0.0,0.0,3.3,1,u,baseline-v1,20260907T141922Z,2026-09-10T10:52:16Z,2026-09-12T12:30:00Z
4,177,Kesler-Hayden,COV,DEF,4.0,0.0,0.0,3.3,1,i,baseline-v1,20260907T141922Z,2026-09-10T10:52:16Z,2026-09-12T12:30:00Z
4,178,Bidwell,COV,DEF,4.0,0.0,0.0,3.3,1,a,baseline-v1,20260907T141922Z,2026-09-10T10:52:16Z,2026-09-12T12:30:00Z
4,179,Latibeaudiere,COV,DEF,4.0,0.0,0.0,3.3,1,a,baseline-v1,20260907T141922Z,2026-09-10T10:52:16Z,2026-09-12T12:30:00Z
4,180,Woolfenden,COV,DEF,4.0,0.0,0.0,3.3,1,i,baseline-v1,20260907T141922Z,2026-09-10T10:52:16Z,2026-09-12T12:30:00Z
4,181,Brau,COV,DEF,4.0,0.0,0.0,3.3,1,u,baseline-v1,20260907T141922Z,2026-09-10T10:52:16Z,2026-09-12T12:30:00Z
4,187,Eccles,COV,MID,4.9,0.0,0.0,3.6,1,a,baseline-v1,20260907T141922Z,2026-09-10T10:52:16Z,2026-09-12T12:30:00Z
4,189,Shepherd,COV,MID,4.5,0.0,0.0,3.6,1,a,baseline-v1,20260907T141922Z,2026-09-10T10:52:16Z,2026-09-12T12:30:00Z
4,191,Borges Rodrigues,COV,MID,4.5,0.0,0.0,3.6,1,u,baseline-v1,20260907T141922Z,2026-09-10T10:52:16Z,2026-09-12T12:30:00Z
4,192,Andrews,COV,MID,4.5,0.0,0.0,3.6,1,u,baseline-v1,20260907T141922Z,2026-09-10T10:52:16Z,2026-09-12T12:30:00Z
4,193,Wright,COV,FWD,5.4,0.0,0.0,3.8,1,i,baseline-v1,20260907T141922Z,2026-09-10T10:52:16Z,2026-09-12T12:30:00Z
4,196,Markelo,COV,FWD,5.0,0.0,0.0,3.8,1,u,baseline-v1,20260907T141922Z,2026-09-10T10:52:16Z,2026-09-12T12:30:00Z
4,197,Bassette,COV,FWD,4.5,0.0,0.0,3.8,1,u,baseline-v1,20260907T141922Z,2026-09-10T10:52:16Z,2026-09-12T12:30:00Z
4,199,Benitez,CRY,GKP,4.5,0.0,0.0,3.2,1,a,baseline-v1,20260907T141922Z,2026-09-10T10:52:16Z,2026-09-12T12:30:00Z
4,205,Sosa,CRY,DEF,4.5,0.0,0.0,3.3,1,u,baseline-v1,20260907T141922Z,2026-09-10T10:52:16Z,2026-09-12T12:30:00Z
4,206,Chadi Riad,CRY,DEF,4.4,0.0,0.0,2.87,1,i,baseline-v1,20260907T141922Z,2026-09-10T10:52:16Z,2026-09-12T12:30:00Z
4,208,Sarr,CRY,MID,6.3,0.0,0.0,3.6,1,i,baseline-v1,20260907T141922Z,2026-09-10T10:52:16Z,2026-09-12T12:30:00Z
4,213,Lerma,CRY,MID,4.9,0.0,0.0,3.6,1,a,baseline-v1,20260907T141922Z,2026-09-10T10:52:16Z,2026-09-12T12:30:00Z
4,215,Devenny,CRY,MID,5.0,0.0,0.0,3.6,1,u,baseline-v1,20260907T141922Z,2026-09-10T10:52:16Z,2026-09-12T12:30:00Z
4,216,Esse,CRY,MID,5.0,0.0,0.0,3.6,1,u,baseline-v1,20260907T141922Z,2026-09-10T10:52:16Z,2026-09-12T12:30:00Z
4,217,M.França,CRY,MID,4.9,0.0,0.0,3.6,1,a,baseline-v1,20260907T141922Z,2026-09-10T10:52:16Z,2026-09-12T12:30:00Z
4,218,Doucouré,CRY,MID,4.9,0.0,0.0,3.6,1,a,baseline-v1,20260907T141922Z,2026-09-10T10:52:16Z,2026-09-12T12:30:00Z
4,219,J.Rak-Sakyi,CRY,MID,5.0,0.0,0.0,3.6,1,a,baseline-v1,20260907T141922Z,2026-09-10T10:52:16Z,2026-09-12T12:30:00Z
4,220,Cardines,CRY,DEF,4.5,0.0,0.0,3.3,1,u,baseline-v1,20260907T141922Z,2026-09-10T10:52:16Z,2026-09-12T12:30:00Z
4,221,Drakes-Thomas,CRY,MID,4.5,0.0,0.0,3.6,1,a,baseline-v1,20260907T141922Z,2026-09-10T10:52:16Z,2026-09-12T12:30:00Z
4,223,Mateta,CRY,FWD,6.4,0.0,0.0,3.63,1,i,baseline-v1,20260907T141922Z,2026-09-10T10:52:16Z,2026-09-12T12:30:00Z
4,225,Uche,CRY,FWD,5.0,0.0,0.0,3.8,1,u,baseline-v1,20260907T141922Z,2026-09-10T10:52:16Z,2026-09-12T12:30:00Z
4,227,Travers,EVE,GKP,5.0,0.0,0.0,3.2,1,a,baseline-v1,20260907T141922Z,2026-09-10T10:52:16Z,2026-09-12T12:30:00Z
4,228,King,EVE,GKP,4.5,0.0,0.0,3.2,1,a,baseline-v1,20260907T141922Z,2026-09-10T10:52:16Z,2026-09-12T12:30:00Z
4,231,Keane,EVE,DEF,4.9,0.0,0.0,3.3,1,a,baseline-v1,20260907T141922Z,2026-09-10T10:52:16Z,2026-09-12T12:30:00Z
4,232,O'Brien,EVE,DEF,4.9,0.0,0.0,3.3,1,a,baseline-v1,20260907T141922Z,2026-09-10T10:52:16Z,2026-09-12T12:30:00Z
4,234,Patterson,EVE,DEF,4.5,0.0,0.0,3.3,1,u,baseline-v1,20260907T141922Z,2026-09-10T10:52:16Z,2026-09-12T12:30:00Z
4,235,Aznou,EVE,DEF,4.0,0.0,0.0,3.3,1,u,baseline-v1,20260907T141922Z,2026-09-10T10:52:16Z,2026-09-12T12:30:00Z
4,245,Dibling,EVE,MID,5.4,0.0,0.0,3.6,1,a,baseline-v1,20260907T141922Z,2026-09-10T10:52:16Z,2026-09-12T12:30:00Z
4,248,Beto,EVE,FWD,5.4,0.0,0.0,4.01,1,u,baseline-v1,20260907T141922Z,2026-09-10T10:52:16Z,2026-09-12T12:30:00Z
4,251,Lecomte,FUL,GKP,4.0,0.0,0.0,3.2,1,a,baseline-v1,20260907T141922Z,2026-09-10T10:52:16Z,2026-09-12T12:30:00Z
4,252,McNally,FUL,GKP,4.0,0.0,0.0,3.2,1,u,baseline-v1,20260907T141922Z,2026-09-10T10:52:16Z,2026-09-12T12:30:00Z
4,256,Tete,FUL,DEF,4.5,0.0,0.0,3.3,1,a,baseline-v1,20260907T141922Z,2026-09-10T10:52:16Z,2026-09-12T12:30:00Z
4,266,Cairney,FUL,MID,5.0,0.0,0.0,3.6,1,i,baseline-v1,20260907T141922Z,2026-09-10T10:52:16Z,2026-09-12T12:30:00Z
4,270,Reed,FUL,MID,4.5,0.0,0.0,3.6,1,a,baseline-v1,20260907T141922Z,2026-09-10T10:52:16Z,2026-09-12T12:30:00Z
4,272,Kusi-Asare,FUL,FWD,4.5,0.0,0.0,3.8,1,a,baseline-v1,20260907T141922Z,2026-09-10T10:52:16Z,2026-09-12T12:30:00Z
4,273,Phillips,HUL,GKP,4.0,0.0,0.0,3.2,1,a,baseline-v1,20260907T141922Z,2026-09-10T10:52:16Z,2026-09-12T12:30:00Z
4,274,Butland,HUL,GKP,4.5,0.0,0.0,3.2,1,i,baseline-v1,20260907T141922Z,2026-09-10T10:52:16Z,2026-09-12T12:30:00Z
4,275,Cartwright,HUL,GKP,4.0,0.0,0.0,3.2,1,u,baseline-v1,20260907T141922Z,2026-09-10T10:52:16Z,2026-09-12T12:30:00Z
4,276,Lo-Tutala,HUL,GKP,4.0,0.0,0.0,3.2,1,u,baseline-v1,20260907T141922Z,2026-09-10T10:52:16Z,2026-09-12T12:30:00Z
4,278,Hughes,HUL,DEF,4.0,0.0,0.0,3.3,1,i,baseline-v1,20260907T141922Z,2026-09-10T10:52:16Z,2026-09-12T12:30:00Z
4,281,Drameh,HUL,DEF,4.0,0.0,0.0,3.2,1,u,baseline-v1,20260907T141922Z,2026-09-10T10:52:16Z,2026-09-12T12:30:00Z
4,283,Jacob,HUL,DEF,4.0,0.0,0.0,3.3,1,u,baseline-v1,20260907T141922Z,2026-09-10T10:52:16Z,2026-09-12T12:30:00Z
4,284,McCarthy,HUL,DEF,4.0,0.0,0.0,3.3,1,a,baseline-v1,20260907T141922Z,2026-09-10T10:52:16Z,2026-09-12T12:30:00Z
4,287,Millar,HUL,MID,5.0,0.0,0.0,4.73,1,u,baseline-v1,20260907T141922Z,2026-09-10T10:52:16Z,2026-09-12T12:30:00Z
4,288,Dowell,HUL,MID,4.5,0.0,0.0,3.6,1,a,baseline-v1,20260907T141922Z,2026-09-10T10:52:16Z,2026-09-12T12:30:00Z
4,291,Matazo,HUL,MID,4.5,0.0,0.0,3.6,1,i,baseline-v1,20260907T141922Z,2026-09-10T10:52:16Z,2026-09-12T12:30:00Z
4,292,Ömür,HUL,MID,4.9,0.0,0.0,3.6,1,a,baseline-v1,20260907T141922Z,2026-09-10T10:52:16Z,2026-09-12T12:30:00Z
4,293,Kamara,HUL,MID,5.0,0.0,0.0,3.6,1,u,baseline-v1,20260907T141922Z,2026-09-10T10:52:16Z,2026-09-12T12:30:00Z
4,294,Zambrano,HUL,MID,4.5,0.0,0.0,3.6,1,i,baseline-v1,20260907T141922Z,2026-09-10T10:52:16Z,2026-09-12T12:30:00Z
4,296,Akintola,HUL,MID,5.0,0.0,0.0,3.6,1,a,baseline-v1,20260907T141922Z,2026-09-10T10:52:16Z,2026-09-12T12:30:00Z
4,297,Gyabi,HUL,MID,4.5,0.0,0.0,3.6,1,i,baseline-v1,20260907T141922Z,2026-09-10T10:52:16Z,2026-09-12T12:30:00Z
4,298,Destan,HUL,FWD,4.5,0.0,0.0,3.8,1,u,baseline-v1,20260907T141922Z,2026-09-10T10:52:16Z,2026-09-12T12:30:00Z
4,299,Burstow,HUL,FWD,4.5,0.0,0.0,3.8,1,u,baseline-v1,20260907T141922Z,2026-09-10T10:52:16Z,2026-09-12T12:30:00Z
4,300,Walton,IPS,GKP,4.5,0.0,0.0,3.2,1,a,baseline-v1,20260907T141922Z,2026-09-10T10:52:16Z,2026-09-12T12:30:00Z
4,301,Palmer,IPS,GKP,4.0,0.0,0.0,3.2,1,a,baseline-v1,20260907T141922Z,2026-09-10T10:52:16Z,2026-09-12T12:30:00Z
4,302,Button,IPS,GKP,4.0,0.0,0.0,3.2,1,a,baseline-v1,20260907T141922Z,2026-09-10T10:52:16Z,2026-09-12T12:30:00Z
4,303,Kipré,IPS,DEF,4.0,0.0,0.0,3.3,1,a,baseline-v1,20260907T141922Z,2026-09-10T10:52:16Z,2026-09-12T12:30:00Z
4,307,Johnson,IPS,DEF,4.0,0.0,0.0,3.3,1,u,baseline-v1,20260907T141922Z,2026-09-10T10:52:16Z,2026-09-12T12:30:00Z
4,310,Matusiwa,IPS,MID,5.0,0.0,0.0,3.6,1,i,baseline-v1,20260907T141922Z,2026-09-10T10:52:16Z,2026-09-12T12:30:00Z
4,311,Burns,IPS,MID,5.0,0.0,0.0,3.6,1,u,baseline-v1,20260907T141922Z,2026-09-10T10:52:16Z,2026-09-12T12:30:00Z
4,312,Taylor,IPS,MID,4.5,0.0,0.0,3.6,1,i,baseline-v1,20260907T141922Z,2026-09-10T10:52:16Z,2026-09-12T12:30:00Z
4,314,Ogbene,IPS,MID,4.9,0.0,0.0,3.6,1,u,baseline-v1,20260907T141922Z,2026-09-10T10:52:16Z,2026-09-12T12:30:00Z
4,317,Hirst,IPS,FWD,5.0,0.0,0.0,3.8,1,u,baseline-v1,20260907T141922Z,2026-09-10T10:52:16Z,2026-09-12T12:30:00Z
4,318,Philogene,IPS,MID,5.4,0.0,0.0,3.6,1,i,baseline-v1,20260907T141922Z,2026-09-10T10:52:16Z,2026-09-12T12:30:00Z
4,319,Szmodics,IPS,MID,5.0,0.0,0.0,3.6,1,u,baseline-v1,20260907T141922Z,2026-09-10T10:52:16Z,2026-09-12T12:30:00Z
4,322,Al-Hamadi,IPS,FWD,5.0,0.0,0.0,3.8,1,u,baseline-v1,20260907T141922Z,2026-09-10T10:52:16Z,2026-09-12T12:30:00Z
4,324,Mehmeti,IPS,MID,4.9,0.0,0.0,3.6,1,a,baseline-v1,20260907T141922Z,2026-09-10T10:52:16Z,2026-09-12T12:30:00Z
4,325,Darlow,MUN,GKP,4.5,0.0,0.0,3.2,1,a,baseline-v1,20260907T141922Z,2026-09-10T10:52:16Z,2026-09-12T12:30:00Z
4,326,Perri,LEE,GKP,4.5,0.0,0.0,3.2,1,u,baseline-v1,20260907T141922Z,2026-09-10T10:52:16Z,2026-09-12T12:30:00Z
4,329,Rodon,LEE,DEF,4.4,0.0,0.0,3.87,1,i,baseline-v1,20260907T141922Z,2026-09-10T10:52:16Z,2026-09-12T12:30:00Z
4,333,Bornauw,LEE,DEF,4.5,0.0,0.0,3.3,1,u,baseline-v1,20260907T141922Z,2026-09-10T10:52:16Z,2026-09-12T12:30:00Z
4,340,Gelhardt,HUL,MID,5.0,0.0,0.0,3.6,1,a,baseline-v1,20260907T141922Z,2026-09-10T10:52:16Z,2026-09-12T12:30:00Z
4,341,Gnonto,LEE,MID,5.0,0.0,0.0,3.6,1,u,baseline-v1,20260907T141922Z,2026-09-10T10:52:16Z,2026-09-12T12:30:00Z
4,342,Harrison,LEE,MID,5.0,0.0,0.0,3.6,1,u,baseline-v1,20260907T141922Z,2026-09-10T10:52:16Z,2026-09-12T12:30:00Z
4,344,Gruev,LEE,MID,5.0,0.0,0.0,3.6,1,d,baseline-v1,20260907T141922Z,2026-09-10T10:52:16Z,2026-09-12T12:30:00Z
4,348,Piroe,LEE,FWD,5.0,0.0,0.0,3.8,1,u,baseline-v1,20260907T141922Z,2026-09-10T10:52:16Z,2026-09-12T12:30:00Z
4,349,Mateo Joseph,LEE,FWD,4.5,0.0,0.0,3.8,1,i,baseline-v1,20260907T141922Z,2026-09-10T10:52:16Z,2026-09-12T12:30:00Z
4,351,Mamardashvili,LIV,GKP,4.9,0.0,0.0,3.2,1,a,baseline-v1,20260907T141922Z,2026-09-10T10:52:16Z,2026-09-12T12:30:00Z
4,352,Woodman,LIV,GKP,4.0,0.0,0.0,3.2,1,a,baseline-v1,20260907T141922Z,2026-09-10T10:52:16Z,2026-09-12T12:30:00Z
4,353,Pecsi,LIV,GKP,4.0,0.0,0.0,3.2,1,u,baseline-v1,20260907T141922Z,2026-09-10T10:52:16Z,2026-09-12T12:30:00Z
4,354,Jaros,LIV,GKP,4.0,0.0,0.0,3.2,1,i,baseline-v1,20260907T141922Z,2026-09-10T10:52:16Z,2026-09-12T12:30:00Z
4,355,Davies,LIV,GKP,4.0,0.0,0.0,3.2,1,a,baseline-v1,20260907T141922Z,2026-09-10T10:52:16Z,2026-09-12T12:30:00Z
4,359,Gomez,LIV,DEF,5.0,0.0,0.0,3.3,1,i,baseline-v1,20260907T141922Z,2026-09-10T10:52:16Z,2026-09-12T12:30:00Z
4,360,Bradley,LIV,DEF,5.0,0.0,0.0,3.3,1,i,baseline-v1,20260907T141922Z,2026-09-10T10:52:16Z,2026-09-12T12:30:00Z
4,361,Lucky,LIV,DEF,4.0,0.0,0.0,3.3,1,a,baseline-v1,20260907T141922Z,2026-09-10T10:52:16Z,2026-09-12T12:30:00Z
4,363,Leoni,LIV,DEF,4.0,0.0,0.0,3.3,1,i,baseline-v1,20260907T141922Z,2026-09-10T10:52:16Z,2026-09-12T12:30:00Z
4,365,Ramsay,LIV,DEF,4.0,0.0,0.0,3.3,1,u,baseline-v1,20260907T141922Z,2026-09-10T10:52:16Z,2026-09-12T12:30:00Z
4,370,Chiesa,LIV,MID,5.4,0.0,0.0,3.6,1,i,baseline-v1,20260907T141922Z,2026-09-10T10:52:16Z,2026-09-12T12:30:00Z
4,373,C.Jones,LIV,MID,5.5,0.0,0.0,3.6,1,u,baseline-v1,20260907T141922Z,2026-09-10T10:52:16Z,2026-09-12T12:30:00Z
4,374,Endo,LIV,MID,5.0,0.0,0.0,3.6,1,a,baseline-v1,20260907T141922Z,2026-09-10T10:52:16Z,2026-09-12T12:30:00Z
4,376,Bajcetic,LIV,MID,5.0,0.0,0.0,3.6,1,u,baseline-v1,20260907T141922Z,2026-09-10T10:52:16Z,2026-09-12T12:30:00Z
4,378,McConnell,LIV,MID,4.5,0.0,0.0,3.6,1,a,baseline-v1,20260907T141922Z,2026-09-10T10:52:16Z,2026-09-12T12:30:00Z
4,380,Ekitiké,LIV,FWD,7.4,0.0,0.0,3.8,1,i,baseline-v1,20260907T141922Z,2026-09-10T10:52:16Z,2026-09-12T12:30:00Z
4,382,Danns,LIV,FWD,4.5,0.0,0.0,3.8,1,a,baseline-v1,20260907T141922Z,2026-09-10T10:52:16Z,2026-09-12T12:30:00Z
4,383,Elliott,LIV,MID,5.4,0.0,0.0,3.6,1,u,baseline-v1,20260907T141922Z,2026-09-10T10:52:16Z,2026-09-12T12:30:00Z
4,386,Bettinelli,MCI,GKP,4.5,0.0,0.0,3.2,1,a,baseline-v1,20260907T141922Z,2026-09-10T10:52:16Z,2026-09-12T12:30:00Z
4,392,Aït-Nouri,MCI,DEF,5.4,0.0,0.0,3.3,1,a,baseline-v1,20260907T141922Z,2026-09-10T10:52:16Z,2026-09-12T12:30:00Z
4,394,Alleyne,MCI,DEF,5.0,0.0,0.0,3.3,1,u,baseline-v1,20260907T141922Z,2026-09-10T10:52:16Z,2026-09-12T12:30:00Z
4,400,Doku,MCI,MID,7.4,0.0,0.0,3.6,1,i,baseline-v1,20260907T141922Z,2026-09-10T10:52:16Z,2026-09-12T12:30:00Z
4,402,Rodrigo,MCI,MID,6.5,0.0,0.0,3.6,1,u,baseline-v1,20260907T141922Z,2026-09-10T10:52:16Z,2026-09-12T12:30:00Z
4,404,Reijnders,MCI,MID,6.0,0.0,0.0,3.6,1,u,baseline-v1,20260907T141922Z,2026-09-10T10:52:16Z,2026-09-12T12:30:00Z
4,407,Echeverri,MCI,MID,4.9,0.0,0.0,3.6,1,u,baseline-v1,20260907T141922Z,2026-09-10T10:52:16Z,2026-09-12T12:30:00Z
4,408,Phillips,MCI,MID,5.0,0.0,0.0,3.6,1,u,baseline-v1,20260907T141922Z,2026-09-10T10:52:16Z,2026-09-12T12:30:00Z
4,409,Mukasa,MCI,MID,4.5,0.0,0.0,3.6,1,u,baseline-v1,20260907T141922Z,2026-09-10T10:52:16Z,2026-09-12T12:30:00Z
4,410,Monga,MCI,MID,4.9,0.0,0.0,3.6,1,u,baseline-v1,20260907T141922Z,2026-09-10T10:52:16Z,2026-09-12T12:30:00Z
4,413,Bayindir,MUN,GKP,4.5,0.0,0.0,3.2,1,u,baseline-v1,20260907T141922Z,2026-09-10T10:52:16Z,2026-09-12T12:30:00Z
4,414,Heaton,MUN,GKP,4.0,0.0,0.0,3.2,1,i,baseline-v1,20260907T141922Z,2026-09-10T10:52:16Z,2026-09-12T12:30:00Z
4,416,De Ligt,MUN,DEF,5.0,0.0,0.0,3.3,1,i,baseline-v1,20260907T141922Z,2026-09-10T10:52:16Z,2026-09-12T12:30:00Z
4,424,Amass,MUN,DEF,4.0,0.0,0.0,3.3,1,a,baseline-v1,20260907T141922Z,2026-09-10T10:52:16Z,2026-09-12T12:30:00Z
4,425,Fredricson,MUN,DEF,4.0,0.0,0.0,3.3,1,u,baseline-v1,20260907T141922Z,2026-09-10T10:52:16Z,2026-09-12T12:30:00Z
4,430,Mount,MUN,MID,5.4,0.0,0.0,3.6,1,a,baseline-v1,20260907T141922Z,2026-09-10T10:52:16Z,2026-09-12T12:30:00Z
4,431,Amad,MUN,MID,5.8,0.0,0.0,3.6,1,i,baseline-v1,20260907T141922Z,2026-09-10T10:52:16Z,2026-09-12T12:30:00Z
4,433,Ugarte,MUN,MID,5.0,0.0,0.0,3.6,1,i,baseline-v1,20260907T141922Z,2026-09-10T10:52:16Z,2026-09-12T12:30:00Z
4,434,J.Fletcher,MUN,MID,5.0,0.0,0.0,3.6,1,a,baseline-v1,20260907T141922Z,2026-09-10T10:52:16Z,2026-09-12T12:30:00Z
4,436,Collyer,MUN,MID,5.0,0.0,0.0,3.6,1,u,baseline-v1,20260907T141922Z,2026-09-10T10:52:16Z,2026-09-12T12:30:00Z
4,437,Bendito Mantato,MUN,MID,4.5,0.0,0.0,3.6,1,a,baseline-v1,20260907T141922Z,2026-09-10T10:52:16Z,2026-09-12T12:30:00Z
4,438,Fletcher,MUN,MID,4.5,0.0,0.0,3.6,1,a,baseline-v1,20260907T141922Z,2026-09-10T10:52:16Z,2026-09-12T12:30:00Z
4,440,Zirkzee,MUN,FWD,5.4,0.0,0.0,3.8,1,a,baseline-v1,20260907T141922Z,2026-09-10T10:52:16Z,2026-09-12T12:30:00Z
4,441,Obi,MUN,FWD,4.5,0.0,0.0,3.8,1,a,baseline-v1,20260907T141922Z,2026-09-10T10:52:16Z,2026-09-12T12:30:00Z
4,442,Pope,NEW,GKP,4.9,0.0,0.0,3.2,1,a,baseline-v1,20260907T141922Z,2026-09-10T10:52:16Z,2026-09-12T12:30:00Z
4,443,Gillespie,NEW,GKP,4.5,0.0,0.0,3.2,1,a,baseline-v1,20260907T141922Z,2026-09-10T10:52:16Z,2026-09-12T12:30:00Z
4,444,Jaouen,NEW,GKP,4.5,0.0,0.0,3.2,1,a,baseline-v1,20260907T141922Z,2026-09-10T10:52:16Z,2026-09-12T12:30:00Z
4,448,Burn,NEW,DEF,4.9,0.0,0.0,3.3,1,i,baseline-v1,20260907T141922Z,2026-09-10T10:52:16Z,2026-09-12T12:30:00Z
4,451,A.Murphy,NEW,DEF,4.0,0.0,0.0,3.3,1,u,baseline-v1,20260907T141922Z,2026-09-10T10:52:16Z,2026-09-12T12:30:00Z
4,458,Joelinton,NEW,MID,5.4,0.0,0.0,3.6,1,i,baseline-v1,20260907T141922Z,2026-09-10T10:52:16Z,2026-09-12T12:30:00Z
4,463,Woltemade,NEW,FWD,5.9,0.0,0.0,4.8,1,u,baseline-v1,20260907T141922Z,2026-09-10T10:52:16Z,2026-09-12T12:30:00Z
4,465,Osula,NEW,FWD,5.9,0.0,0.0,4.26,1,i,baseline-v1,20260907T141922Z,2026-09-10T10:52:16Z,2026-09-12T12:30:00Z
4,466,Neave,NEW,FWD,4.5,0.0,0.0,3.8,1,u,baseline-v1,20260907T141922Z,2026-09-10T10:52:16Z,2026-09-12T12:30:00Z
4,468,John,NFO,GKP,4.5,0.0,0.0,3.2,1,a,baseline-v1,20260907T141922Z,2026-09-10T10:52:16Z,2026-09-12T12:30:00Z
4,470,Morato,NFO,DEF,5.0,0.0,0.0,3.3,1,u,baseline-v1,20260907T141922Z,2026-09-10T10:52:16Z,2026-09-12T12:30:00Z
4,475,Savona,NFO,DEF,4.5,0.0,0.0,3.3,1,i,baseline-v1,20260907T141922Z,2026-09-10T10:52:16Z,2026-09-12T12:30:00Z
4,476,O.Richards,NFO,DEF,4.0,0.0,0.0,3.3,1,a,baseline-v1,20260907T141922Z,2026-09-10T10:52:16Z,2026-09-12T12:30:00Z
4,477,Abbott,NFO,DEF,4.0,0.0,0.0,3.3,1,u,baseline-v1,20260907T141922Z,2026-09-10T10:52:16Z,2026-09-12T12:30:00Z
4,479,Bindon,NFO,DEF,4.0,0.0,0.0,3.3,1,u,baseline-v1,20260907T141922Z,2026-09-10T10:52:16Z,2026-09-12T12:30:00Z
4,484,Hutchinson,NFO,MID,5.4,0.0,0.0,3.6,1,u,baseline-v1,20260907T141922Z,2026-09-10T10:52:16Z,2026-09-12T12:30:00Z
4,485,Bakwa,NFO,MID,5.5,0.0,0.0,3.6,1,u,baseline-v1,20260907T141922Z,2026-09-10T10:52:16Z,2026-09-12T12:30:00Z
4,489,Yates,NFO,MID,4.5,0.0,0.0,3.6,1,a,baseline-v1,20260907T141922Z,2026-09-10T10:52:16Z,2026-09-12T12:30:00Z
4,494,Vicario,TOT,GKP,4.5,0.0,0.0,3.2,1,u,baseline-v1,20260907T141922Z,2026-09-10T10:52:16Z,2026-09-12T12:30:00Z
4,495,Austin,TOT,GKP,4.0,0.0,0.0,3.2,1,a,baseline-v1,20260907T141922Z,2026-09-10T10:52:16Z,2026-09-12T12:30:00Z
4,497,Dubravka,TOT,GKP,4.0,0.0,0.0,3.2,1,a,baseline-v1,20260907T141922Z,2026-09-10T10:52:16Z,2026-09-12T12:30:00Z
4,500,Romero,TOT,DEF,5.0,0.0,0.0,3.3,1,u,baseline-v1,20260907T141922Z,2026-09-10T10:52:16Z,2026-09-12T12:30:00Z
4,505,Spence,TOT,DEF,4.5,0.0,0.0,3.3,1,u,baseline-v1,20260907T141922Z,2026-09-10T10:52:16Z,2026-09-12T12:30:00Z
4,507,Phillips,TOT,DEF,4.5,0.0,0.0,3.3,1,u,baseline-v1,20260907T141922Z,2026-09-10T10:52:16Z,2026-09-12T12:30:00Z
4,508,Davies,TOT,DEF,4.0,0.0,0.0,3.3,1,a,baseline-v1,20260907T141922Z,2026-09-10T10:52:16Z,2026-09-12T12:30:00Z
4,509,Byfield,TOT,DEF,4.0,0.0,0.0,3.3,1,a,baseline-v1,20260907T141922Z,2026-09-10T10:52:16Z,2026-09-12T12:30:00Z
4,510,Rowswell,TOT,DEF,4.0,0.0,0.0,3.3,1,a,baseline-v1,20260907T141922Z,2026-09-10T10:52:16Z,2026-09-12T12:30:00Z
4,511,Souza,TOT,DEF,4.0,0.0,0.0,3.3,1,u,baseline-v1,20260907T141922Z,2026-09-10T10:52:16Z,2026-09-12T12:30:00Z
4,513,Xavi,TOT,MID,6.0,0.0,0.0,3.6,1,i,baseline-v1,20260907T141922Z,2026-09-10T10:52:16Z,2026-09-12T12:30:00Z
4,517,Odobert,TOT,MID,5.5,0.0,0.0,3.6,1,i,baseline-v1,20260907T141922Z,2026-09-10T10:52:16Z,2026-09-12T12:30:00Z
4,518,P.M.Sarr,TOT,MID,4.9,0.0,0.0,3.6,1,u,baseline-v1,20260907T141922Z,2026-09-10T10:52:16Z,2026-09-12T12:30:00Z
4,521,Kulusevski,TOT,MID,6.5,0.0,0.0,3.6,1,i,baseline-v1,20260907T141922Z,2026-09-10T10:52:16Z,2026-09-12T12:30:00Z
4,523,Moore,TOT,MID,5.0,0.0,0.0,3.46,1,u,baseline-v1,20260907T141922Z,2026-09-10T10:52:16Z,2026-09-12T12:30:00Z
4,524,Olusesi,TOT,MID,4.5,0.0,0.0,3.6,1,a,baseline-v1,20260907T141922Z,2026-09-10T10:52:16Z,2026-09-12T12:30:00Z
4,527,Richarlison,TOT,FWD,5.9,0.0,0.0,3.58,1,u,baseline-v1,20260907T141922Z,2026-09-10T10:52:16Z,2026-09-12T12:30:00Z
4,528,Scarlett,TOT,FWD,4.5,0.0,0.0,3.8,1,u,baseline-v1,20260907T141922Z,2026-09-10T10:52:16Z,2026-09-12T12:30:00Z
4,530,Patterson,SUN,GKP,4.0,0.0,0.0,3.2,1,u,baseline-v1,20260907T141922Z,2026-09-10T10:52:16Z,2026-09-12T12:30:00Z
4,531,Ellborg,SUN,GKP,4.5,0.0,0.0,3.2,1,a,baseline-v1,20260907T141922Z,2026-09-10T10:52:16Z,2026-09-12T12:30:00Z
4,537,Seelt,SUN,DEF,4.5,0.0,0.0,3.3,1,u,baseline-v1,20260907T141922Z,2026-09-10T10:52:16Z,2026-09-12T12:30:00Z
4,538,Hjelde,SUN,DEF,4.0,0.0,0.0,3.3,1,u,baseline-v1,20260907T141922Z,2026-09-10T10:52:16Z,2026-09-12T12:30:00Z
4,540,Masuaku,SUN,DEF,4.0,0.0,0.0,3.3,1,u,baseline-v1,20260907T141922Z,2026-09-10T10:52:16Z,2026-09-12T12:30:00Z
4,543,Diarra,SUN,MID,5.4,0.0,0.0,4.77,1,i,baseline-v1,20260907T141922Z,2026-09-10T10:52:16Z,2026-09-12T12:30:00Z
4,546,Adingra,SUN,MID,4.9,0.0,0.0,3.6,1,u,baseline-v1,20260907T141922Z,2026-09-10T10:52:16Z,2026-09-12T12:30:00Z
4,550,Jocelin.T,SUN,MID,5.0,0.0,0.0,3.6,1,a,baseline-v1,20260907T141922Z,2026-09-10T10:52:16Z,2026-09-12T12:30:00Z
4,554,Van Oevelen,IPS,GKP,4.5,0.0,0.0,3.2,1,u,baseline-v1,20260907T141922Z,2026-09-10T10:52:16Z,2026-09-12T12:30:00Z
4,555,Matthews,CRY,GKP,4.0,0.0,0.0,3.2,1,a,baseline-v1,20260907T141922Z,2026-09-10T10:52:16Z,2026-09-12T12:30:00Z
4,560,Penders,CHE,GKP,4.5,0.0,0.0,3.2,1,a,baseline-v1,20260907T141922Z,2026-09-10T10:52:16Z,2026-09-12T12:30:00Z
4,561,Anselmino,CHE,DEF,4.5,0.0,0.0,3.3,1,a,baseline-v1,20260907T141922Z,2026-09-10T10:52:16Z,2026-09-12T12:30:00Z
4,571,Florentino,IPS,MID,4.9,0.0,0.0,3.6,1,a,baseline-v1,20260907T141922Z,2026-09-10T10:52:16Z,2026-09-12T12:30:00Z
4,573,Sanchez,BOU,DEF,4.5,0.0,0.0,3.3,1,a,baseline-v1,20260907T141922Z,2026-09-10T10:52:16Z,2026-09-12T12:30:00Z
4,582,Madjo,AVL,FWD,5.5,0.0,0.0,3.8,1,i,baseline-v1,20260907T141922Z,2026-09-10T10:52:16Z,2026-09-12T12:30:00Z
4,587,Rulli,MCI,GKP,5.0,0.0,0.0,3.2,1,a,baseline-v1,20260907T141922Z,2026-09-10T10:52:16Z,2026-09-12T12:30:00Z
4,590,Benda,NFO,GKP,4.5,0.0,0.0,3.2,1,a,baseline-v1,20260907T141922Z,2026-09-10T10:52:16Z,2026-09-12T12:30:00Z
4,599,Cherif,COV,FWD,5.0,0.0,0.0,3.8,1,a,baseline-v1,20260907T141922Z,2026-09-10T10:52:16Z,2026-09-12T12:30:00Z
4,601,Williams-Barnett,TOT,MID,4.5,0.0,0.0,3.6,1,a,baseline-v1,20260907T141922Z,2026-09-10T10:52:16Z,2026-09-12T12:30:00Z
4,602,Humphreys,IPS,MID,4.5,0.0,0.0,3.6,1,u,baseline-v1,20260907T141922Z,2026-09-10T10:52:16Z,2026-09-12T12:30:00Z
4,603,Lienou,LEE,DEF,4.0,0.0,0.0,3.3,1,a,baseline-v1,20260907T141922Z,2026-09-10T10:52:16Z,2026-09-12T12:30:00Z
4,604,Cresswell,LEE,MID,4.5,0.0,0.0,3.6,1,a,baseline-v1,20260907T141922Z,2026-09-10T10:52:16Z,2026-09-12T12:30:00Z
4,606,Rowe,AVL,DEF,4.0,0.0,0.0,3.3,1,a,baseline-v1,20260907T141922Z,2026-09-10T10:52:16Z,2026-09-12T12:30:00Z
4,607,Lynch,AVL,MID,4.5,0.0,0.0,3.6,1,u,baseline-v1,20260907T141922Z,2026-09-10T10:52:16Z,2026-09-12T12:30:00Z
4,609,Shahar,NEW,DEF,4.0,0.0,0.0,3.3,1,a,baseline-v1,20260907T141922Z,2026-09-10T10:52:16Z,2026-09-12T12:30:00Z
4,610,De Fougerolles,FUL,DEF,4.0,0.0,0.0,3.3,1,d,baseline-v1,20260907T141922Z,2026-09-10T10:52:16Z,2026-09-12T12:30:00Z
4,612,Methalie,SUN,DEF,4.5,0.0,0.0,3.3,1,a,baseline-v1,20260907T141922Z,2026-09-10T10:52:16Z,2026-09-12T12:30:00Z
4,613,Ahoka,SUN,MID,4.5,0.0,0.0,3.6,1,a,baseline-v1,20260907T141922Z,2026-09-10T10:52:16Z,2026-09-12T12:30:00Z
4,614,Hadjam,BHA,DEF,4.5,0.0,0.0,3.3,1,a,baseline-v1,20260907T141922Z,2026-09-10T10:52:16Z,2026-09-12T12:30:00Z
4,615,Di Gregorio,BOU,GKP,4.5,0.0,0.0,3.2,1,a,baseline-v1,20260907T141922Z,2026-09-10T10:52:16Z,2026-09-12T12:30:00Z
4,618,Goretzka,AVL,MID,6.0,0.0,0.0,3.6,1,a,baseline-v1,20260907T141922Z,2026-09-10T10:52:16Z,2026-09-12T12:30:00Z
4,620,Diouf,BRE,DEF,4.5,0.0,0.0,3.3,1,a,baseline-v1,20260907T141922Z,2026-09-10T10:52:16Z,2026-09-12T12:30:00Z
4,623,Bentley,COV,GKP,4.0,0.0,0.0,3.2,1,a,baseline-v1,20260907T141922Z,2026-09-10T10:52:16Z,2026-09-12T12:30:00Z
4,624,Cozier-Duberry,BHA,MID,5.0,0.0,0.0,3.6,1,u,baseline-v1,20260907T141922Z,2026-09-10T10:52:16Z,2026-09-12T12:30:00Z
4,625,Cairns,LEE,GKP,4.0,0.0,0.0,3.2,1,a,baseline-v1,20260907T141922Z,2026-09-10T10:52:16Z,2026-09-12T12:30:00Z
4,626,Zepa,FUL,MID,4.5,0.0,0.0,3.6,1,a,baseline-v1,20260907T141922Z,2026-09-10T10:52:16Z,2026-09-12T12:30:00Z
4,628,Allan,MCI,MID,6.0,0.0,0.0,3.6,1,a,baseline-v1,20260907T141922Z,2026-09-10T10:52:16Z,2026-09-12T12:30:00Z
4,629,Zetterer,LEE,GKP,4.0,0.0,0.0,3.2,1,a,baseline-v1,20260907T141922Z,2026-09-10T10:52:16Z,2026-09-12T12:30:00Z
4,630,Harwood-Bellis,AVL,DEF,4.5,0.0,0.0,3.3,1,a,baseline-v1,20260907T141922Z,2026-09-10T10:52:16Z,2026-09-12T12:30:00Z
4,631,Mbaye,AVL,MID,6.0,0.0,0.0,3.6,1,a,baseline-v1,20260907T141922Z,2026-09-10T10:52:16Z,2026-09-12T12:30:00Z
4,632,Ansah,HUL,FWD,5.0,0.0,0.0,3.8,1,a,baseline-v1,20260907T141922Z,2026-09-10T10:52:16Z,2026-09-12T12:30:00Z
4,633,Ahanor,CRY,DEF,4.5,0.0,0.0,3.3,1,a,baseline-v1,20260907T141922Z,2026-09-10T10:52:16Z,2026-09-12T12:30:00Z
4,636,Ángel,FUL,MID,5.0,0.0,0.0,3.6,1,a,baseline-v1,20260907T141922Z,2026-09-10T10:52:16Z,2026-09-12T12:30:00Z
4,637,Vaz,HUL,FWD,5.0,0.0,0.0,3.8,1,a,baseline-v1,20260907T141922Z,2026-09-10T10:52:16Z,2026-09-12T12:30:00Z
4,639,Andrés,BHA,MID,5.5,0.0,0.0,3.6,1,a,baseline-v1,20260907T141922Z,2026-09-10T10:52:16Z,2026-09-12T12:30:00Z
4,641,Bard,LEE,DEF,4.5,0.0,0.0,3.3,1,a,baseline-v1,20260907T141922Z,2026-09-10T10:52:16Z,2026-09-12T12:30:00Z
4,645,Mouzakitis,HUL,MID,5.0,0.0,0.0,3.6,1,a,baseline-v1,20260907T141922Z,2026-09-10T10:52:16Z,2026-09-12T12:30:00Z
4,648,Bahoya,LEE,MID,5.0,0.0,0.0,3.6,1,a,baseline-v1,20260907T141922Z,2026-09-10T10:52:16Z,2026-09-12T12:30:00Z
4,650,Affengruber,FUL,DEF,4.5,0.0,0.0,3.3,1,a,baseline-v1,20260907T141922Z,2026-09-10T10:52:16Z,2026-09-12T12:30:00Z
4,651,J.Angulo,SUN,FWD,4.5,0.0,0.0,3.8,1,a,baseline-v1,20260907T141922Z,2026-09-10T10:52:16Z,2026-09-12T12:30:00Z
4,652,Azeez,BHA,MID,5.5,0.0,0.0,3.6,1,i,baseline-v1,20260907T141922Z,2026-09-10T10:52:16Z,2026-09-12T12:30:00Z
4,653,Samba,MCI,MID,4.5,0.0,0.0,3.6,1,a,baseline-v1,20260907T141922Z,2026-09-10T10:52:16Z,2026-09-12T12:30:00Z
4,654,Graham,EVE,MID,4.5,0.0,0.0,3.6,1,a,baseline-v1,20260907T141922Z,2026-09-10T10:52:16Z,2026-09-12T12:30:00Z
