player_id,web_name,team,position,predicted_points,actual_points,error,expected_minutes,actual_minutes
426,B.Fernandes,MUN,MID,6.3,2,4.3,90.0,90
367,Gakpo,LIV,MID,6.24,1,5.24,83.6,30
572,Tzolakis,HUL,GKP,5.93,2,3.93,90.0,90
411,Haaland,MCI,FWD,5.9,9,-3.1,90.0,90
69,Scott,BOU,MID,5.76,4,1.76,88.7,90
279,Ajayi,HUL,DEF,5.71,1,4.71,84.0,90
277,Egan,HUL,DEF,5.48,2,3.48,90.0,90
165,João Pedro,CHE,FWD,5.4,12,-6.6,90.0,90
12,Saka,ARS,MID,5.36,8,-2.64,84.4,90
98,Janelt,BRE,MID,5.3,4,1.3,90.0,90
427,Mbeumo,MUN,MID,5.3,2,3.3,90.0,90
68,Tavernier,BOU,MID,5.27,8,-2.73,89.1,82
154,Palmer,CHE,MID,5.27,5,0.27,88.2,90
15,Ødegaard,ARS,MID,5.23,3,2.23,73.9,84
379,Isak,LIV,FWD,5.21,2,3.21,77.7,90
391,Gvardiol,MCI,DEF,5.17,11,-5.83,84.9,90
229,Tarkowski,EVE,DEF,5.15,8,-2.85,90.0,90
10,White,ARS,DEF,4.98,1,3.98,90.0,45
388,Guéhi,MCI,DEF,4.98,6,-1.02,90.0,90
399,Cherki,MCI,MID,4.98,1,3.98,61.6,45
268,King,FUL,MID,4.97,3,1.97,90.0,76
335,Stach,LEE,MID,4.97,3,1.97,90.0,87
282,Giles,HUL,DEF,4.96,4,0.96,88.7,90
40,Rogers,CHE,MID,4.87,8,-3.13,86.2,90
115,De Cuyper,BHA,DEF,4.86,11,-6.14,80.7,90
8,Calafiori,ARS,DEF,4.84,6,-1.16,76.8,90
480,Gibbs-White,NFO,MID,4.8,8,-3.2,90.0,90
544,Xhaka,SUN,MID,4.8,1,3.8,90.0,90
86,Lewis-Potter,BRE,MID,4.78,1,3.78,89.0,59
586,Mendy,HUL,DEF,4.75,1,3.75,64.6,58
504,Vuskovic,BHA,DEF,4.65,6,-1.35,90.0,77
449,Hall,NEW,DEF,4.63,0,4.63,89.5,90
453,Barnes,NEW,MID,4.63,2,2.63,90.0,90
330,Bogle,LEE,DEF,4.52,15,-10.48,68.9,82
124,Groß,BHA,MID,4.47,17,-12.53,90.0,90
454,Elanga,NEW,MID,4.44,0,4.44,77.4,0
237,Ndiaye,MCI,MID,4.41,1,3.41,88.2,45
26,Havertz,ARS,FWD,4.37,1,3.37,84.1,90
332,Justin,LEE,DEF,4.32,2,2.32,90.0,90
236,Dewsbury-Hall,EVE,MID,4.3,2,2.3,90.0,90
368,Szoboszlai,LIV,MID,4.3,3,1.3,90.0,90
94,Schade,BRE,MID,4.28,15,-10.72,89.0,90
4,Gabriel,ARS,DEF,4.15,9,-4.85,90.0,90
469,N.Williams,NFO,DEF,4.15,2,2.15,90.0,90
1,Raya,ARS,GKP,4.1,14,-9.9,90.0,90
385,Trafford,LEE,GKP,4.1,3,1.1,90.0,90
204,Mitchell,CRY,DEF,4.07,1,3.07,82.2,76
173,Thomas,COV,DEF,4.06,0,4.06,85.8,90
242,George,EVE,MID,4.05,3,1.05,79.2,64
464,Wissa,NEW,FWD,4.0,2,2.0,87.1,90
334,Muharemović,LEE,DEF,3.98,7,-3.02,90.0,90
397,Semenyo,MCI,MID,3.97,3,0.97,90.0,90
565,M.Sangaré,BRE,MID,3.97,4,-0.03,66.1,90
127,Gomez,BHA,MID,3.95,3,0.95,88.9,83
286,Belloumi,HUL,MID,3.95,13,-9.05,83.3,59
542,E.Le Fée,SUN,MID,3.93,0,3.93,87.2,90
13,Rice,ARS,MID,3.86,6,-2.14,82.9,80
87,Ajer,BRE,DEF,3.82,1,2.82,90.0,90
230,Branthwaite,EVE,DEF,3.82,6,-2.18,90.0,90
593,Dedić,NEW,DEF,3.82,0,3.82,90.0,57
472,Murillo,NFO,DEF,3.8,6,-2.2,89.5,90
249,Barry,EVE,FWD,3.72,2,1.72,80.6,90
432,Mainoo,MUN,MID,3.72,4,-0.28,68.3,90
428,Cunha,MUN,MID,3.71,2,1.71,74.4,90
258,Castagne,FUL,DEF,3.66,6,-2.34,82.6,71
471,Milenković,NFO,DEF,3.65,0,3.65,90.0,0
532,Ballard,SUN,DEF,3.65,0,3.65,90.0,90
79,Evanilson,BOU,FWD,3.63,5,-1.37,83.2,90
290,Slater,HUL,MID,3.63,2,1.63,90.0,90
244,Armstrong,EVE,MID,3.61,3,0.61,88.7,90
591,Enciso,IPS,MID,3.59,2,1.59,85.5,90
569,Gonzalo,FUL,FWD,3.57,2,1.57,90.0,76
533,Mukiele,SUN,DEF,3.56,0,3.56,69.9,90
88,Kayode,BRE,DEF,3.54,1,2.54,65.1,19
233,Mykolenko,EVE,DEF,3.48,11,-7.52,90.0,90
214,Kamada,CRY,MID,3.44,8,-4.56,89.1,83
82,Kelleher,BRE,GKP,3.43,3,0.43,90.0,90
226,Pickford,EVE,GKP,3.43,6,-2.57,90.0,90
377,Munoz,LIV,MID,3.36,1,2.36,63.6,59
346,Calvert-Lewin,LEE,FWD,3.35,10,-6.65,81.8,77
597,Suzuki,AVL,GKP,3.35,2,1.35,69.9,90
96,Damsgaard,BRE,MID,3.32,1,2.32,63.7,30
112,Van Hecke,TOT,DEF,3.32,8,-4.68,90.0,90
116,Dunk,BHA,DEF,3.32,12,-8.68,90.0,90
390,Rúben,MCI,DEF,3.32,6,-2.68,90.0,90
474,Jair Cunha,NFO,DEF,3.32,0,3.32,90.0,0
338,Ampadu,LEE,MID,3.3,7,-3.7,90.0,90
211,Yeremy,CRY,MID,3.29,1,2.29,69.4,36
557,Tzolis,ARS,MID,3.28,3,0.28,72.3,80
350,A.Becker,LIV,GKP,3.27,9,-5.73,90.0,90
384,Donnarumma,MCI,GKP,3.27,7,-3.73,90.0,90
567,Horníček,NEW,GKP,3.27,1,2.27,90.0,90
605,Yalcouyé,BHA,MID,3.26,8,-4.74,65.3,64
366,Wirtz,LIV,MID,3.24,3,0.24,83.7,90
295,McBurnie,HUL,FWD,3.23,4,-0.77,90.0,81
455,Tonali,TOT,MID,3.21,3,0.21,84.9,90
483,Ndoye,NFO,MID,3.19,1,2.19,60.9,74
200,Lacroix,CHE,DEF,3.15,1,2.15,90.0,4
305,Davis,IPS,DEF,3.15,14,-10.85,90.0,90
356,Virgil,LIV,DEF,3.15,8,-4.85,90.0,90
447,Botman,NEW,DEF,3.15,2,1.15,90.0,90
536,Reinildo,SUN,DEF,3.15,-2,5.15,90.0,90
393,Khusanov,MCI,DEF,3.14,0,3.14,89.4,0
210,Wharton,CRY,MID,3.13,2,1.13,90.0,76
109,Verbruggen,BHA,GKP,3.1,8,-4.9,90.0,90
467,Sels,NFO,GKP,3.1,3,0.1,90.0,90
496,Kinsky,TOT,GKP,3.1,7,-3.9,90.0,90
529,Roefs,SUN,GKP,3.1,2,1.1,90.0,90
43,Tielemans,MUN,MID,3.08,2,1.08,84.6,66
316,Emersonn,IPS,FWD,3.08,12,-8.92,58.6,62
570,Palacios,FUL,MID,3.08,0,3.08,67.5,0
516,Bentancur,TOT,MID,3.04,3,0.04,79.9,62
267,Lukić,IPS,MID,3.03,1,2.03,84.2,76
362,Jacquet,LIV,DEF,3.02,9,-5.98,80.8,90
481,Anderson,MCI,MID,3.02,5,-1.98,80.9,90
138,Kostoulas,BHA,FWD,3.01,10,-6.99,72.2,83
445,Thiaw,NEW,DEF,2.98,2,0.98,90.0,90
47,Kamara,AVL,MID,2.97,2,0.97,90.0,90
558,Schlager,NFO,MID,2.96,3,-0.04,73.4,90
156,Neto,CHE,MID,2.95,2,0.95,61.1,85
486,McAtee,NFO,MID,2.93,3,-0.07,86.2,81
503,Van de Ven,TOT,DEF,2.93,6,-3.07,69.9,90
460,Willock,NEW,MID,2.91,1,1.91,58.3,32
315,Fatawu,IPS,MID,2.9,1,1.9,76.4,61
280,Coyle,HUL,DEF,2.87,1,1.87,58.6,81
46,Barkley,AVL,MID,2.86,2,0.86,82.0,62
541,Meunier,SUN,DEF,2.86,2,0.86,77.7,75
551,N.Angulo,SUN,MID,2.84,2,0.84,62.2,69
114,Boscagli,BHA,DEF,2.82,6,-3.18,90.0,77
259,Diop,IPS,DEF,2.82,1,1.82,90.0,90
304,O'Shea,IPS,DEF,2.82,1,1.82,90.0,90
418,Maguire,MUN,DEF,2.82,1,1.82,90.0,90
566,Silva,BOU,DEF,2.82,3,-0.18,90.0,90
36,Maatsen,AVL,DEF,2.8,1,1.8,80.7,90
41,Buendía,AVL,MID,2.8,2,0.8,81.6,62
184,Grimes,COV,MID,2.8,2,0.8,90.0,83
459,L.Miley,NEW,MID,2.79,0,2.79,73.9,79
67,Rayan,BOU,MID,2.78,2,0.78,88.6,81
499,Pedro Porro,TOT,DEF,2.78,0,2.78,69.9,0
7,Lewis-Skelly,ARS,MID,2.75,1,1.75,72.6,45
261,Iwobi,FUL,MID,2.73,3,-0.27,86.3,76
423,Shaw,MUN,DEF,2.73,0,2.73,84.2,0
70,Kluivert,BOU,MID,2.72,8,-5.28,76.4,65
644,Timber,CRY,MID,2.72,4,-1.28,73.0,90
398,Foden,MCI,MID,2.71,-2,4.71,57.8,22
32,Cash,AVL,DEF,2.7,0,2.7,83.1,0
161,Lavia,CHE,MID,2.7,2,0.7,62.7,68
552,Brobbey,SUN,FWD,2.7,1,1.7,76.0,90
51,George Hemmings,AVL,MID,2.69,1,1.69,76.3,45
514,Tel,TOT,MID,2.67,1,1.67,74.9,27
264,Bobb,FUL,MID,2.66,3,-0.34,71.8,62
37,Lindelöf,AVL,DEF,2.65,1,1.65,90.0,90
60,Hill,BOU,DEF,2.65,2,0.65,90.0,90
175,van Ewijk,COV,DEF,2.65,0,2.65,90.0,90
545,Sadiki,SUN,MID,2.64,2,0.64,82.2,90
246,Röhl,EVE,MID,2.63,0,2.63,81.1,0
45,McGinn,AVL,MID,2.62,6,-3.38,88.0,90
57,Petrović,BOU,GKP,2.6,1,1.6,90.0,90
148,Hato,CHE,DEF,2.6,0,2.6,70.0,45
250,Leno,FUL,GKP,2.6,9,-6.4,90.0,90
564,Scherpen,IPS,GKP,2.6,1,1.6,90.0,90
358,Kerkez,LIV,DEF,2.56,1,1.56,83.6,45
106,Thiago,BRE,FWD,2.55,1,1.55,88.2,90
61,Truffert,BOU,DEF,2.48,3,-0.52,90.0,90
588,Khalaili,CRY,DEF,2.46,7,-4.54,72.6,90
110,Rushworth,COV,GKP,2.43,0,2.43,90.0,90
176,Dasilva,COV,DEF,2.43,0,2.43,87.3,90
198,Henderson,CRY,GKP,2.43,0,2.43,90.0,0
412,Lammens,MUN,GKP,2.43,2,0.43,90.0,90
562,Maeda,IPS,MID,2.43,1,1.43,70.4,27
429,Rashford,MUN,MID,2.42,2,0.42,66.8,82
327,Bijol,LEE,DEF,2.41,0,2.41,47.8,0
579,Araujo,LIV,DEF,2.39,6,-3.61,49.7,71
619,Palacios,IPS,MID,2.39,4,-1.61,56.8,90
492,Awoniyi,COV,FWD,2.38,-2,4.38,65.2,52
534,Hume,SUN,DEF,2.37,0,2.37,58.3,0
372,Mac Allister,LIV,MID,2.36,1,1.36,68.2,30
182,Amenda,COV,DEF,2.32,0,2.32,90.0,90
202,Richards,CRY,DEF,2.32,2,0.32,90.0,90
401,Marmoush,TOT,FWD,2.32,2,0.32,66.7,76
224,Nketiah,CRY,FWD,2.29,0,2.29,54.3,0
473,Aina,NFO,DEF,2.29,2,0.29,70.0,90
576,Stroud,HUL,MID,2.28,1,1.28,62.5,59
28,Martinez,CHE,GKP,2.27,2,0.27,69.9,90
166,N.Jackson,AVL,FWD,2.21,0,2.21,60.7,45
254,Robinson,FUL,DEF,2.21,6,-3.79,82.5,90
183,Rudoni,COV,MID,2.2,2,0.2,55.2,72
336,Okafor,LEE,MID,2.18,9,-6.82,55.0,71
419,Martinez,MUN,DEF,2.16,2,0.16,69.9,90
151,Acheampong,CHE,DEF,2.15,0,2.15,68.3,0
257,Bassey,FUL,DEF,2.15,6,-3.85,90.0,90
598,Elvedi,LEE,DEF,2.11,2,0.11,59.0,90
345,Tanaka,LEE,MID,2.05,6,-3.95,47.3,71
405,N.Gonzalez,NEW,MID,2.03,1,1.03,57.1,18
417,Dalot,MUN,DEF,2.02,2,0.02,63.5,90
491,Igor Jesus,NFO,FWD,2.02,7,-4.98,63.1,15
33,Mings,AVL,DEF,2.01,0,2.01,44.7,65
64,Smith,BOU,DEF,1.98,0,1.98,90.0,90
203,Canvot,CRY,DEF,1.98,0,1.98,90.0,0
306,Greaves,IPS,DEF,1.98,1,0.98,90.0,87
73,Adams,BOU,MID,1.95,2,-0.05,44.3,81
265,Berge,FUL,MID,1.94,3,-1.06,55.6,90
129,Ayari,BHA,MID,1.93,8,-6.07,55.2,90
502,Robertson,TOT,DEF,1.91,7,-5.09,54.8,90
145,Fofana,CHE,DEF,1.89,1,0.89,62.5,85
71,Cook,BOU,MID,1.87,0,1.87,44.9,8
253,Andersen,FUL,DEF,1.85,0,1.85,69.9,0
580,Charles,FUL,MID,1.8,5,-3.2,47.8,90
31,Konsa,ARS,DEF,1.79,6,-4.21,44.6,90
553,Isidor,SUN,FWD,1.79,1,0.79,25.3,20
589,Gourna-Douath,HUL,MID,1.79,0,1.79,51.4,0
575,Yirenkyi,COV,MID,1.78,1,0.78,48.4,17
222,Strand Larsen,CRY,FWD,1.77,8,-6.23,46.4,83
113,F.Kadıoğlu,BHA,DEF,1.74,6,-4.26,63.9,90
186,Mason-Clark,COV,MID,1.74,1,0.74,50.2,59
95,O.Dango,BRE,MID,1.72,1,0.72,44.6,30
142,James,CHE,DEF,1.72,1,0.72,68.3,90
153,Disasi,CRY,DEF,1.71,-3,4.71,46.2,33
104,Onyeka,COV,MID,1.7,2,-0.3,48.4,72
11,Mosquera,ARS,DEF,1.69,0,1.69,33.8,0
337,Aaronson,LEE,MID,1.69,1,0.69,45.3,18
91,Pinnock,COV,DEF,1.68,2,-0.32,44.9,90
506,Udogie,TOT,DEF,1.68,0,1.68,35.3,0
105,Anthony,BRE,MID,1.67,1,0.67,44.9,59
190,Tchaouna,COV,MID,1.66,0,1.66,49.0,0
519,Gallagher,TOT,MID,1.66,0,1.66,48.0,0
144,Gusto,CHE,DEF,1.64,1,0.64,59.2,77
167,Delap,NFO,FWD,1.61,5,-3.39,41.0,90
247,Hackney,EVE,MID,1.6,1,0.6,33.3,15
371,Gravenberch,LIV,MID,1.6,1,0.6,35.2,59
155,Enzo,MCI,MID,1.59,2,-0.41,39.8,81
309,Núñez,IPS,MID,1.52,0,1.52,37.2,0
239,Garner,EVE,MID,1.5,4,-2.5,42.5,90
209,Johnson,EVE,MID,1.49,3,-1.51,40.0,74
522,Gray,TOT,MID,1.42,3,-1.58,40.4,84
525,Fernandes,TOT,MID,1.41,3,-1.59,42.0,62
260,Wilson,LEE,MID,1.37,1,0.37,36.7,18
194,Thomas-Asante,COV,FWD,1.36,1,0.36,34.3,17
331,Gudmundsson,LEE,DEF,1.36,6,-4.64,41.1,72
501,Danso,SUN,DEF,1.36,1,0.36,41.1,90
93,Schuster,BRE,DEF,1.35,3,-1.65,33.3,90
34,Pau,AVL,DEF,1.24,1,0.24,45.1,24
456,J.Ramsey,NEW,MID,1.18,0,1.18,22.5,0
102,Yarmoliuk,BRE,MID,1.16,4,-2.84,32.4,59
403,Sávio,TOT,MID,1.15,3,-1.85,27.4,90
634,Fernandez-Pardo,NEW,FWD,1.13,1,0.13,27.0,57
149,Colwill,CHE,DEF,1.08,1,0.08,42.8,90
357,Frimpong,LIV,DEF,1.08,1,0.08,42.5,18
642,Thomas,HUL,MID,1.07,1,0.07,27.0,30
387,O'Reilly,MCI,DEF,1.04,1,0.04,31.5,8
627,Barcola,LIV,MID,1.04,3,-1.96,26.0,71
320,Akpom,IPS,FWD,1.01,0,1.01,19.8,0
640,Flemming,IPS,FWD,1.01,5,-3.99,24.0,27
439,Šeško,MUN,FWD,1.0,1,0.0,17.5,23
195,Simms,COV,FWD,0.97,0,0.97,24.1,0
638,Norton-Cuffy,HUL,DEF,0.96,0,0.96,26.0,8
90,Hickey,BRE,DEF,0.95,1,-0.05,24.3,70
643,Chilwell,CRY,DEF,0.95,1,-0.05,16.0,13
462,Steur,NEW,MID,0.94,2,-1.06,24.3,71
583,Chavarria,CHE,DEF,0.94,1,-0.06,25.0,45
313,Clarke,IPS,MID,0.91,1,-0.09,15.2,62
585,Herrington,HUL,DEF,0.91,1,-0.09,24.4,31
577,Tomiyasu,CRY,DEF,0.9,0,0.9,27.4,53
162,Andrey Santos,MUN,MID,0.87,0,0.87,20.7,0
415,Dorgu,MUN,MID,0.83,4,-3.17,22.4,90
422,Mazraoui,MUN,DEF,0.83,0,0.83,23.6,0
201,Muñoz,NFO,DEF,0.81,2,-1.19,26.2,90
241,McNeil,CRY,MID,0.81,0,0.81,20.9,0
512,Kudus,TOT,MID,0.81,1,-0.19,20.3,27
369,Ngumoha,LIV,MID,0.78,1,-0.22,19.9,18
649,Maitland-Niles,EVE,DEF,0.78,6,-5.22,13.0,74
347,Nmecha,LEE,FWD,0.77,1,-0.23,14.5,12
19,Zubimendi,ARS,MID,0.73,1,-0.27,17.0,9
255,J.Cuenca,FUL,DEF,0.72,0,0.72,20.1,0
488,I.Sangaré,NFO,MID,0.72,1,-0.28,20.1,8
498,Senesi,TOT,DEF,0.72,0,0.72,20.1,0
125,Georginio,BHA,FWD,0.69,0,0.69,15.1,0
14,Eze,ARS,MID,0.68,1,-0.32,17.5,9
646,Fofana,SUN,MID,0.66,1,-0.34,16.0,14
269,Sessegnon,FUL,DEF,0.64,0,0.64,15.9,0
17,Merino,ARS,MID,0.61,1,-0.39,15.1,5
421,Heaven,MUN,DEF,0.61,0,0.61,20.1,0
52,Alysson,AVL,MID,0.6,6,-5.4,14.7,45
84,Collins,BRE,DEF,0.6,0,0.6,14.1,0
29,M.Bizot,AVL,GKP,0.59,0,0.59,20.1,0
42,Guessand,CRY,MID,0.58,0,0.58,14.7,0
490,Wood,NFO,FWD,0.58,1,-0.42,13.6,1
123,Hinshelwood,BHA,MID,0.57,0,0.57,7.0,0
526,Solanke,TOT,FWD,0.57,2,-1.43,12.5,62
323,McAteer,IPS,MID,0.56,0,0.56,12.6,0
592,Ouattara,IPS,DEF,0.55,1,-0.45,13.2,2
119,Costinha,BHA,DEF,0.54,1,-0.46,14.5,6
238,Grealish,EVE,MID,0.54,1,-0.46,12.7,25
289,Crooks,HUL,MID,0.54,1,-0.46,15.1,68
563,Morita,HUL,MID,0.54,0,0.54,14.4,0
160,Garnacho,AVL,MID,0.53,0,0.53,11.6,0
616,Bouaddi,MCI,MID,0.51,0,0.51,11.5,0
188,Torp,COV,MID,0.5,1,-0.5,12.3,6
9,Hincapie,ARS,DEF,0.49,0,0.49,12.5,0
457,J.Murphy,NEW,MID,0.49,0,0.49,11.6,56
539,O'Nien,SUN,DEF,0.48,0,0.48,14.8,0
584,Hamer,COV,MID,0.46,0,0.46,10.1,0
635,Larsson,FUL,MID,0.46,1,-0.54,11.0,13
406,Kovačić,MCI,MID,0.44,0,0.44,10.8,0
395,Lewis,MCI,DEF,0.42,0,0.42,12.5,0
262,Smith Rowe,FUL,MID,0.41,1,-0.59,9.5,13
74,Brooks,BOU,MID,0.4,0,0.4,9.3,7
185,Sakamoto,COV,MID,0.39,0,0.39,9.9,0
594,David,BHA,FWD,0.39,0,0.39,9.1,0
56,Abraham,AVL,FWD,0.38,1,-0.62,8.4,45
520,Bergvall,TOT,MID,0.38,1,-0.62,10.1,27
596,Ruggeri,AVL,DEF,0.35,0,0.35,8.6,0
617,Cho,HUL,MID,0.34,1,-0.66,7.6,30
600,Osman,BHA,MID,0.33,1,-0.67,7.8,12
611,Wan-Bissaka,AVL,DEF,0.33,3,-2.67,7.9,90
420,Yoro,MUN,DEF,0.32,0,0.32,7.9,0
375,Nyoni,LIV,MID,0.31,0,0.31,6.9,0
212,Hughes,CRY,MID,0.3,1,-0.7,7.3,13
578,Mudryk,TOT,MID,0.3,0,0.3,7.3,0
343,James,LEE,MID,0.28,1,-0.72,7.0,7
595,Gozo,CRY,MID,0.28,1,-0.72,7.0,6
389,Matheus N.,MCI,DEF,0.27,9,-8.73,7.4,90
549,Talbi,SUN,MID,0.27,0,0.27,6.9,0
263,Kevin,FUL,MID,0.26,1,-0.74,6.0,18
157,Estêvão,CHE,MID,0.25,1,-0.75,5.7,4
452,Bruno G.,ARS,MID,0.25,7,-6.75,6.1,45
25,Gyökeres,ARS,FWD,0.24,0,0.24,5.5,0
16,Madueke,ARS,MID,0.23,0,0.23,5.4,0
271,Muniz,FUL,FWD,0.23,1,-0.77,5.0,13
364,Tsimikas,LIV,DEF,0.23,1,-0.77,6.1,45
621,McAidoo,MCI,MID,0.23,0,0.23,5.1,0
207,Mingueza,CRY,DEF,0.22,0,0.22,5.3,0
108,Wilson,BRE,FWD,0.21,0,0.21,4.0,0
285,McNair,HUL,DEF,0.21,0,0.21,5.8,0
308,Furlong,IPS,DEF,0.21,0,0.21,5.4,0
478,Netz,NFO,DEF,0.2,0,0.2,4.9,0
548,Rigg,SUN,MID,0.2,0,0.2,4.5,0
535,Alderete,SUN,DEF,0.19,0,0.19,5.1,0
608,Jebbison,BOU,FWD,0.18,0,0.18,3.8,0
574,Hjertø-Dahl,HUL,MID,0.16,0,0.16,3.7,0
35,Bogarde,AVL,MID,0.15,0,0.15,3.6,0
515,Maddison,TOT,MID,0.15,1,-0.85,3.7,13
76,Tóth.A,BOU,MID,0.14,0,0.14,3.4,0
381,Koumas,LIV,MID,0.14,0,0.14,3.1,0
81,Rodríguez,BOU,FWD,0.13,1,-0.87,2.9,1
159,Caicedo,CHE,MID,0.13,0,0.13,3.1,0
559,Bamba,NEW,MID,0.13,1,-0.87,3.1,10
135,Yohanna,BHA,MID,0.11,0,0.11,2.7,0
568,Barco,CHE,MID,0.11,0,0.11,2.6,21
321,Walle Egeli,IPS,FWD,0.1,0,0.1,2.2,0
435,Lacey,MUN,MID,0.09,0,0.09,2.2,0
164,Quenda,CHE,MID,0.08,0,0.08,1.8,0
339,Longstaff,LEE,MID,0.08,1,-0.92,1.8,2
75,Christie,BOU,MID,0.07,1,-0.93,1.4,24
136,Welbeck,CHE,FWD,0.06,1,-0.94,1.4,12
240,Iroegbunam,HUL,MID,0.06,0,0.06,1.3,21
243,Alcaraz,EVE,MID,0.06,0,0.06,1.5,0
556,Targett,HUL,DEF,0.04,0,0.04,1.1,0
647,Osorio,CRY,MID,0.04,0,0.04,1.0,0
72,Gannon-Doak,BOU,MID,0.03,1,-0.97,0.7,8
89,Henry,BRE,DEF,0.03,0,0.03,0.6,0
328,Struijk,BHA,DEF,0.02,1,-0.98,0.5,12
450,Livramento,NEW,DEF,0.02,3,-2.98,0.5,32
581,Diomande,NFO,DEF,0.02,4,-3.98,0.5,90
622,Braithwaite,MCI,DEF,0.02,0,0.02,0.4,0
396,Vitor Reis,MCI,DEF,0.01,0,0.01,0.3,0
446,Schär,NEW,DEF,0.01,0,0.01,0.2,0
461,Touré,NEW,MID,0.01,6,-5.99,0.3,33
482,Hudson-Odoi,NFO,MID,0.01,0,0.01,0.3,0
487,Dominguez,NFO,MID,0.01,0,0.01,0.3,0
493,Kalimuendo,NFO,FWD,0.01,0,0.01,0.2,0
547,Mundle,SUN,MID,0.01,0,0.01,0.3,0
2,Arrizabalaga,ARS,GKP,0.0,0,0.0,0.0,0
3,Meslier,ARS,GKP,0.0,0,0.0,0.0,0
5,J.Timber,ARS,DEF,0.0,1,-1.0,0.0,45
6,Saliba,ARS,DEF,0.0,0,0.0,0.0,0
18,Martinelli,ARS,MID,0.0,0,0.0,0.0,0
20,Dowman,ARS,MID,0.0,0,0.0,0.0,0
21,Nørgaard,EVE,MID,0.0,0,0.0,0.0,0
22,Nwaneri,ARS,MID,0.0,0,0.0,0.0,0
23,Fábio Vieira,ARS,MID,0.0,0,0.0,0.0,0
24,Nelson,ARS,MID,0.0,0,0.0,0.0,0
27,G.Jesus,ARS,FWD,0.0,0,0.0,0.0,0
30,Digne,AVL,DEF,0.0,0,0.0,0.0,0
38,A.García,AVL,DEF,0.0,0,0.0,0.0,0
39,Nedeljkovic,AVL,DEF,0.0,0,0.0,0.0,0
44,Bailey,AVL,MID,0.0,0,0.0,0.0,0
48,Onana,AVL,MID,0.0,0,0.0,0.0,0
49,Iling Jr,AVL,MID,0.0,0,0.0,0.0,0
50,Burrowes,AVL,MID,0.0,0,0.0,0.0,0
53,Manzambi,AVL,MID,0.0,1,-1.0,0.0,27
54,Gomes,AVL,MID,0.0,0,0.0,0.0,0
55,Watkins,AVL,FWD,0.0,0,0.0,0.0,0
58,Forster,BOU,GKP,0.0,0,0.0,0.0,0
59,Dennis,BOU,GKP,0.0,0,0.0,0.0,0
62,Diakité,BOU,DEF,0.0,0,0.0,0.0,0
63,Milosavljević,BOU,DEF,0.0,0,0.0,0.0,0
65,J.Araujo,BOU,DEF,0.0,0,0.0,0.0,0
66,Soler,BOU,DEF,0.0,0,0.0,0.0,0
77,Adli,BOU,MID,0.0,0,0.0,0.0,0
78,Kroupi.Jr,BOU,MID,0.0,0,0.0,0.0,0
80,Enes Ünal,BOU,FWD,0.0,0,0.0,0.0,0
83,Valdimarsson,BRE,GKP,0.0,0,0.0,0.0,0
85,Van den Berg,BRE,DEF,0.0,0,0.0,0.0,0
92,Ji-soo,BRE,DEF,0.0,0,0.0,0.0,0
97,Jensen,BRE,MID,0.0,0,0.0,0.0,0
99,Milambo,BRE,MID,0.0,0,0.0,0.0,0
100,Carvalho,BRE,MID,0.0,0,0.0,0.0,0
101,Henderson,CHE,MID,0.0,0,0.0,0.0,0
103,Dasilva,BRE,MID,0.0,0,0.0,0.0,0
107,Furo,BRE,FWD,0.0,0,0.0,0.0,0
111,Steele,BHA,GKP,0.0,0,0.0,0.0,0
117,Coppola,BHA,DEF,0.0,0,0.0,0.0,0
118,Igor,BHA,DEF,0.0,0,0.0,0.0,0
120,Svoboda,BHA,DEF,0.0,0,0.0,0.0,0
121,Mitoma,BHA,MID,0.0,0,0.0,0.0,0
122,Minteh,BHA,MID,0.0,0,0.0,0.0,0
126,O'Riley,BHA,MID,0.0,1,-1.0,0.0,6
128,Buonanotte,BHA,MID,0.0,0,0.0,0.0,0
130,Wieffer,BHA,DEF,0.0,0,0.0,0.0,0
131,Baleba,MUN,MID,0.0,0,0.0,0.0,0
132,Howell,BHA,MID,0.0,0,0.0,0.0,0
133,Watson,BHA,MID,0.0,0,0.0,0.0,0
134,Oriola,BHA,MID,0.0,0,0.0,0.0,0
137,Tzimas,BHA,FWD,0.0,0,0.0,0.0,0
139,Ferguson,BHA,FWD,0.0,0,0.0,0.0,0
140,Sánchez,CHE,GKP,0.0,0,0.0,0.0,0
141,Jörgensen,CHE,GKP,0.0,0,0.0,0.0,0
143,Chalobah,CHE,DEF,0.0,0,0.0,0.0,0
146,B.Badiashile,CHE,DEF,0.0,0,0.0,0.0,0
147,Tosin,TOT,DEF,0.0,1,-1.0,0.0,5
150,M.Sarr,CHE,DEF,0.0,0,0.0,0.0,0
152,Palestra,CHE,DEF,0.0,0,0.0,0.0,0
158,Gittens,CHE,MID,0.0,0,0.0,0.0,0
163,D.Essugo,CHE,MID,0.0,0,0.0,0.0,0
168,Marc Guiu,CHE,FWD,0.0,0,0.0,0.0,0
169,Mheuka,CHE,FWD,0.0,0,0.0,0.0,0
170,Emegha,CHE,FWD,0.0,0,0.0,0.0,0
171,Dovin,COV,GKP,0.0,0,0.0,0.0,0
172,Wilson,COV,GKP,0.0,0,0.0,0.0,0
174,Kitching,COV,DEF,0.0,0,0.0,0.0,0
177,Kesler-Hayden,COV,DEF,0.0,0,0.0,0.0,0
178,Bidwell,COV,DEF,0.0,0,0.0,0.0,0
179,Latibeaudiere,COV,DEF,0.0,0,0.0,0.0,0
180,Woolfenden,COV,DEF,0.0,0,0.0,0.0,0
181,Brau,COV,DEF,0.0,0,0.0,0.0,0
187,Eccles,COV,MID,0.0,0,0.0,0.0,0
189,Shepherd,COV,MID,0.0,0,0.0,0.0,0
191,Borges Rodrigues,COV,MID,0.0,0,0.0,0.0,0
192,Andrews,COV,MID,0.0,0,0.0,0.0,0
193,Wright,COV,FWD,0.0,0,0.0,0.0,0
196,Markelo,COV,FWD,0.0,0,0.0,0.0,0
197,Bassette,COV,FWD,0.0,0,0.0,0.0,0
199,Benitez,CRY,GKP,0.0,2,-2.0,0.0,90
205,Sosa,CRY,DEF,0.0,0,0.0,0.0,0
206,Chadi Riad,CRY,DEF,0.0,0,0.0,0.0,0
208,Sarr,CRY,MID,0.0,0,0.0,0.0,0
213,Lerma,CRY,MID,0.0,1,-1.0,0.0,6
215,Devenny,CRY,MID,0.0,0,0.0,0.0,0
216,Esse,CRY,MID,0.0,0,0.0,0.0,0
217,M.França,CRY,MID,0.0,0,0.0,0.0,0
218,Doucouré,CRY,MID,0.0,0,0.0,0.0,0
219,J.Rak-Sakyi,CRY,MID,0.0,0,0.0,0.0,0
220,Cardines,CRY,DEF,0.0,0,0.0,0.0,0
221,Drakes-Thomas,CRY,MID,0.0,0,0.0,0.0,0
223,Mateta,CRY,FWD,0.0,0,0.0,0.0,0
225,Uche,CRY,FWD,0.0,0,0.0,0.0,0
227,Travers,EVE,GKP,0.0,0,0.0,0.0,0
228,King,EVE,GKP,0.0,0,0.0,0.0,0
231,Keane,EVE,DEF,0.0,0,0.0,0.0,0
232,O'Brien,EVE,DEF,0.0,1,-1.0,0.0,15
234,Patterson,EVE,DEF,0.0,0,0.0,0.0,0
235,Aznou,EVE,DEF,0.0,0,0.0,0.0,0
245,Dibling,EVE,MID,0.0,0,0.0,0.0,0
248,Beto,EVE,FWD,0.0,0,0.0,0.0,0
251,Lecomte,FUL,GKP,0.0,0,0.0,0.0,0
252,McNally,FUL,GKP,0.0,0,0.0,0.0,0
256,Tete,FUL,DEF,0.0,0,0.0,0.0,27
266,Cairney,FUL,MID,0.0,0,0.0,0.0,0
270,Reed,FUL,MID,0.0,0,0.0,0.0,0
272,Kusi-Asare,FUL,FWD,0.0,0,0.0,0.0,0
273,Phillips,HUL,GKP,0.0,0,0.0,0.0,0
274,Butland,HUL,GKP,0.0,0,0.0,0.0,0
275,Cartwright,HUL,GKP,0.0,0,0.0,0.0,0
276,Lo-Tutala,HUL,GKP,0.0,0,0.0,0.0,0
278,Hughes,HUL,DEF,0.0,0,0.0,0.0,0
281,Drameh,HUL,DEF,0.0,0,0.0,0.0,0
283,Jacob,HUL,DEF,0.0,0,0.0,0.0,0
284,McCarthy,HUL,DEF,0.0,0,0.0,0.0,0
287,Millar,HUL,MID,0.0,0,0.0,0.0,0
288,Dowell,HUL,MID,0.0,0,0.0,0.0,0
291,Matazo,HUL,MID,0.0,0,0.0,0.0,0
292,Ömür,HUL,MID,0.0,0,0.0,0.0,0
293,Kamara,HUL,MID,0.0,0,0.0,0.0,0
294,Zambrano,HUL,MID,0.0,0,0.0,0.0,0
296,Akintola,HUL,MID,0.0,0,0.0,0.0,0
297,Gyabi,HUL,MID,0.0,0,0.0,0.0,0
298,Destan,HUL,FWD,0.0,0,0.0,0.0,0
299,Burstow,HUL,FWD,0.0,0,0.0,0.0,0
300,Walton,IPS,GKP,0.0,0,0.0,0.0,0
301,Palmer,IPS,GKP,0.0,0,0.0,0.0,0
302,Button,IPS,GKP,0.0,0,0.0,0.0,0
303,Kipré,IPS,DEF,0.0,0,0.0,0.0,0
307,Johnson,IPS,DEF,0.0,0,0.0,0.0,0
310,Matusiwa,IPS,MID,0.0,0,0.0,0.0,0
311,Burns,IPS,MID,0.0,0,0.0,0.0,0
312,Taylor,IPS,MID,0.0,0,0.0,0.0,0
314,Ogbene,IPS,MID,0.0,0,0.0,0.0,0
317,Hirst,IPS,FWD,0.0,0,0.0,0.0,0
318,Philogene,IPS,MID,0.0,1,-1.0,0.0,28
319,Szmodics,IPS,MID,0.0,0,0.0,0.0,0
322,Al-Hamadi,IPS,FWD,0.0,0,0.0,0.0,0
324,Mehmeti,IPS,MID,0.0,0,0.0,0.0,0
325,Darlow,MUN,GKP,0.0,0,0.0,0.0,0
326,Perri,LEE,GKP,0.0,0,0.0,0.0,0
329,Rodon,LEE,DEF,0.0,0,0.0,0.0,0
333,Bornauw,LEE,DEF,0.0,0,0.0,0.0,0
340,Gelhardt,HUL,MID,0.0,0,0.0,0.0,0
341,Gnonto,LEE,MID,0.0,0,0.0,0.0,0
342,Harrison,LEE,MID,0.0,0,0.0,0.0,0
344,Gruev,LEE,MID,0.0,0,0.0,0.0,0
348,Piroe,LEE,FWD,0.0,0,0.0,0.0,0
349,Mateo Joseph,LEE,FWD,0.0,0,0.0,0.0,0
351,Mamardashvili,LIV,GKP,0.0,0,0.0,0.0,0
352,Woodman,LIV,GKP,0.0,0,0.0,0.0,0
353,Pecsi,LIV,GKP,0.0,0,0.0,0.0,0
354,Jaros,LIV,GKP,0.0,0,0.0,0.0,0
355,Davies,LIV,GKP,0.0,0,0.0,0.0,0
359,Gomez,LIV,DEF,0.0,0,0.0,0.0,0
360,Bradley,LIV,DEF,0.0,0,0.0,0.0,0
361,Lucky,LIV,DEF,0.0,0,0.0,0.0,0
363,Leoni,LIV,DEF,0.0,0,0.0,0.0,0
365,Ramsay,LIV,DEF,0.0,0,0.0,0.0,0
370,Chiesa,LIV,MID,0.0,0,0.0,0.0,0
373,C.Jones,LIV,MID,0.0,0,0.0,0.0,0
374,Endo,LIV,MID,0.0,0,0.0,0.0,0
376,Bajcetic,LIV,MID,0.0,0,0.0,0.0,0
378,McConnell,LIV,MID,0.0,0,0.0,0.0,0
380,Ekitiké,LIV,FWD,0.0,0,0.0,0.0,0
382,Danns,LIV,FWD,0.0,0,0.0,0.0,0
383,Elliott,LIV,MID,0.0,0,0.0,0.0,0
386,Bettinelli,MCI,GKP,0.0,0,0.0,0.0,0
392,Aït-Nouri,MCI,DEF,0.0,0,0.0,0.0,0
394,Alleyne,MCI,DEF,0.0,0,0.0,0.0,0
400,Doku,MCI,MID,0.0,0,0.0,0.0,0
402,Rodrigo,MCI,MID,0.0,0,0.0,0.0,0
404,Reijnders,MCI,MID,0.0,0,0.0,0.0,0
407,Echeverri,MCI,MID,0.0,0,0.0,0.0,0
408,Phillips,MCI,MID,0.0,0,0.0,0.0,0
409,Mukasa,MCI,MID,0.0,0,0.0,0.0,0
410,Monga,MCI,MID,0.0,0,0.0,0.0,0
413,Bayindir,MUN,GKP,0.0,0,0.0,0.0,0
414,Heaton,MUN,GKP,0.0,0,0.0,0.0,0
416,De Ligt,MUN,DEF,0.0,0,0.0,0.0,0
424,Amass,MUN,DEF,0.0,0,0.0,0.0,0
425,Fredricson,MUN,DEF,0.0,0,0.0,0.0,0
430,Mount,MUN,MID,0.0,0,0.0,0.0,0
431,Amad,MUN,MID,0.0,0,0.0,0.0,0
433,Ugarte,MUN,MID,0.0,0,0.0,0.0,0
434,J.Fletcher,MUN,MID,0.0,0,0.0,0.0,0
436,Collyer,MUN,MID,0.0,0,0.0,0.0,0
437,Bendito Mantato,MUN,MID,0.0,0,0.0,0.0,0
438,Fletcher,MUN,MID,0.0,0,0.0,0.0,0
440,Zirkzee,MUN,FWD,0.0,1,-1.0,0.0,7
441,Obi,MUN,FWD,0.0,0,0.0,0.0,0
442,Pope,NEW,GKP,0.0,0,0.0,0.0,0
443,Gillespie,NEW,GKP,0.0,0,0.0,0.0,0
444,Jaouen,NEW,GKP,0.0,0,0.0,0.0,0
448,Burn,NEW,DEF,0.0,0,0.0,0.0,0
451,A.Murphy,NEW,DEF,0.0,0,0.0,0.0,0
458,Joelinton,NEW,MID,0.0,0,0.0,0.0,0
463,Woltemade,NEW,FWD,0.0,0,0.0,0.0,0
465,Osula,NEW,FWD,0.0,0,0.0,0.0,0
466,Neave,NEW,FWD,0.0,0,0.0,0.0,0
468,John,NFO,GKP,0.0,0,0.0,0.0,0
470,Morato,NFO,DEF,0.0,0,0.0,0.0,0
475,Savona,NFO,DEF,0.0,0,0.0,0.0,0
476,O.Richards,NFO,DEF,0.0,0,0.0,0.0,0
477,Abbott,NFO,DEF,0.0,0,0.0,0.0,0
479,Bindon,NFO,DEF,0.0,0,0.0,0.0,0
484,Hutchinson,NFO,MID,0.0,0,0.0,0.0,0
485,Bakwa,NFO,MID,0.0,0,0.0,0.0,0
489,Yates,NFO,MID,0.0,0,0.0,0.0,0
494,Vicario,TOT,GKP,0.0,0,0.0,0.0,0
495,Austin,TOT,GKP,0.0,0,0.0,0.0,0
497,Dubravka,TOT,GKP,0.0,0,0.0,0.0,0
500,Romero,TOT,DEF,0.0,0,0.0,0.0,0
505,Spence,TOT,DEF,0.0,0,0.0,0.0,0
507,Phillips,TOT,DEF,0.0,0,0.0,0.0,0
508,Davies,TOT,DEF,0.0,0,0.0,0.0,0
509,Byfield,TOT,DEF,0.0,0,0.0,0.0,0
510,Rowswell,TOT,DEF,0.0,0,0.0,0.0,0
511,Souza,TOT,DEF,0.0,0,0.0,0.0,0
513,Xavi,TOT,MID,0.0,0,0.0,0.0,0
517,Odobert,TOT,MID,0.0,0,0.0,0.0,0
518,P.M.Sarr,TOT,MID,0.0,0,0.0,0.0,0
521,Kulusevski,TOT,MID,0.0,0,0.0,0.0,0
523,Moore,TOT,MID,0.0,0,0.0,0.0,0
524,Olusesi,TOT,MID,0.0,0,0.0,0.0,0
527,Richarlison,TOT,FWD,0.0,0,0.0,0.0,0
528,Scarlett,TOT,FWD,0.0,0,0.0,0.0,0
530,Patterson,SUN,GKP,0.0,0,0.0,0.0,0
531,Ellborg,SUN,GKP,0.0,0,0.0,0.0,0
537,Seelt,SUN,DEF,0.0,0,0.0,0.0,0
538,Hjelde,SUN,DEF,0.0,0,0.0,0.0,0
540,Masuaku,SUN,DEF,0.0,0,0.0,0.0,0
543,Diarra,SUN,MID,0.0,0,0.0,0.0,0
546,Adingra,SUN,MID,0.0,0,0.0,0.0,0
550,Jocelin.T,SUN,MID,0.0,0,0.0,0.0,0
554,Van Oevelen,IPS,GKP,0.0,0,0.0,0.0,0
555,Matthews,CRY,GKP,0.0,0,0.0,0.0,0
560,Penders,CHE,GKP,0.0,0,0.0,0.0,0
561,Anselmino,CHE,DEF,0.0,0,0.0,0.0,0
571,Florentino,IPS,MID,0.0,1,-1.0,0.0,13
573,Sanchez,BOU,DEF,0.0,0,0.0,0.0,0
582,Madjo,AVL,FWD,0.0,0,0.0,0.0,0
587,Rulli,MCI,GKP,0.0,0,0.0,0.0,0
590,Benda,NFO,GKP,0.0,0,0.0,0.0,0
599,Cherif,COV,FWD,0.0,1,-1.0,0.0,30
601,Williams-Barnett,TOT,MID,0.0,0,0.0,0.0,0
602,Humphreys,IPS,MID,0.0,0,0.0,0.0,0
603,Lienou,LEE,DEF,0.0,0,0.0,0.0,0
604,Cresswell,LEE,MID,0.0,0,0.0,0.0,0
606,Rowe,AVL,DEF,0.0,0,0.0,0.0,0
607,Lynch,AVL,MID,0.0,0,0.0,0.0,0
609,Shahar,NEW,DEF,0.0,0,0.0,0.0,0
610,De Fougerolles,FUL,DEF,0.0,0,0.0,0.0,0
612,Methalie,SUN,DEF,0.0,0,0.0,0.0,0
613,Ahoka,SUN,MID,0.0,0,0.0,0.0,0
614,Hadjam,BHA,DEF,0.0,0,0.0,0.0,0
615,Di Gregorio,BOU,GKP,0.0,0,0.0,0.0,0
618,Goretzka,AVL,MID,0.0,0,0.0,0.0,0
620,Diouf,BRE,DEF,0.0,1,-1.0,0.0,30
623,Bentley,COV,GKP,0.0,0,0.0,0.0,0
624,Cozier-Duberry,BHA,MID,0.0,0,0.0,0.0,0
625,Cairns,LEE,GKP,0.0,0,0.0,0.0,0
626,Zepa,FUL,MID,0.0,0,0.0,0.0,0
628,Allan,MCI,MID,0.0,0,0.0,0.0,0
629,Zetterer,LEE,GKP,0.0,0,0.0,0.0,0
630,Harwood-Bellis,AVL,DEF,0.0,0,0.0,0.0,0
631,Mbaye,AVL,MID,0.0,1,-1.0,0.0,27
632,Ansah,HUL,FWD,0.0,0,0.0,0.0,0
633,Ahanor,CRY,DEF,0.0,3,-3.0,0.0,90
636,Ángel,FUL,MID,0.0,0,0.0,0.0,0
637,Vaz,HUL,FWD,0.0,1,-1.0,0.0,8
639,Andrés,BHA,MID,0.0,4,-4.0,0.0,25
641,Bard,LEE,DEF,0.0,1,-1.0,0.0,18
645,Mouzakitis,HUL,MID,0.0,0,0.0,0.0,0
648,Bahoya,LEE,MID,0.0,0,0.0,0.0,0
650,Affengruber,FUL,DEF,0.0,8,-8.0,0.0,90
651,J.Angulo,SUN,FWD,0.0,0,0.0,0.0,0
652,Azeez,BHA,MID,0.0,0,0.0,0.0,0
653,Samba,MCI,MID,0.0,0,0.0,0.0,0
654,Graham,EVE,MID,0.0,0,0.0,0.0,0
